event_id,time_utc,latitude,longitude,depth_km,mag_type,magnitude,place
20260315.0304001,2026-03-15T03:04:08.000Z,49.169,-89.611,0.85,MwN,1.66,"Mining event, Lac des Iles Mine, ON/Événement minier, Mine Lac des Îles,Lac des Iles, ON"
20260315.0611001,2026-03-15T06:11:27.000Z,47.0109,-66.5626,5.0,MwN,1.87,"64 km E of Plaster Rock, NB/64 km E de Plaster Rock, NB"
20260315.0857001,2026-03-15T08:57:32.000Z,49.169,-89.611,0.93,MwN,1.39,"Mining event, Lac des Iles Mine, ON/Événement minier, Mine Lac des Îles,Lac des Iles, ON"
20260315.1248001,2026-03-15T12:48:43.000Z,49.4171,-127.1904,33.11,ML,2.46,"67 km SW of Tahsis, BC/67 km SO de Tahsis, BC"
20260315.1433001,2026-03-15T14:33:01.000Z,54.3172,-118.5609,5.0,MLy,3.13,"Suspected industry-related event, 60 km NE of Grande Cache, AB/Événement lié à l'industrie soupconné, 60 km NE de Grande Cache, AB"
20260315.2122001,2026-03-15T21:22:01.000Z,48.2517,-78.4518,3.11,MwN,2.46,"Mining event, LaRonde - Zone 5 Mine, QC/Événement minier, Mine LaRonde - Zone 5, QC"
20260316.0219001,2026-03-16T02:19:02.000Z,54.391,-117.2301,5.0,MLy,2.87,"Suspected industry-related event, 27 km W of Fox Creek, AB/Événement lié à l'industrie soupconné, 27 km O de Fox Creek, AB"
20260316.0248001,2026-03-16T02:48:01.000Z,60.4398,-139.4916,5.0,ML,2.66,"114 km WSW of Haines Junction, YT/114 km OSO de Haines Junction, YT"
20260316.0339001,2026-03-16T03:39:44.000Z,47.5966,-70.2271,11.6,MwN,0.12,"8 km SW of La Malbaie, QC/8 km SO de La Malbaie, QC"
20260316.0615001,2026-03-16T06:15:25.000Z,47.4174,-70.3794,9.42,MwN,-0.44,"10 km ESE of Baie-Saint-Paul, QC/10 km ESE de Baie-Saint-Paul, QC"
20260316.0753001,2026-03-16T07:53:02.000Z,54.392,-117.2295,5.0,MLy,3.31,"Suspected industry-related event, 27 km W of Fox Creek, AB/Événement lié à l'industrie soupconné, 27 km O de Fox Creek, AB"
20260316.1523002,2026-03-16T15:23:07.000Z,45.3137,-73.4537,0.0,MwN,1.72,"Blast, 15 km W of Saint-Jean-sur-Richelieu, QC/Dynamitage, 15 km O de Saint-Jean-sur-Richelieu, QC"
20260316.1558001,2026-03-16T15:58:57.000Z,60.5878,-139.7557,5.0,ML,2.71,"124 km W of Haines Junction, YT/124 km O de Haines Junction, YT"
20260316.2113001,2026-03-16T21:13:15.000Z,59.8861,-136.7944,5.0,ML,2.66,"130 km SW of Whitehorse, YT/130 km SO de Whitehorse, YT"
20260316.2235001,2026-03-16T22:35:37.000Z,47.8932,-69.8439,5.7,MwN,1.74,"7 km NNE of Saint-Siméon, QC/7 km NNE de Saint-Siméon, QC"
20260316.2357001,2026-03-16T23:57:22.000Z,47.4365,-70.1388,16.34,MwN,0.65,"11 km NW of La Pocatière, QC/11 km NO de La Pocatière, QC"
20260317.0000001,2026-03-17T00:00:00.000Z,59.5749,-138.6064,5.0,ML,2.72,"144 km SSW of Haines Junction, YT/144 km SSO de Haines Junction, YT"
20260317.0024001,2026-03-17T00:24:26.000Z,47.4806,-70.0856,12.89,MwN,1.86,"13 km NNW of La Pocatière, QC/13 km NNO de La Pocatière, QC"
20260317.0351001,2026-03-17T03:51:40.000Z,52.7233,-132.2917,16.88,ML,2.02,"61 km SSW of Daajing Giids, BC/61 km SSO de Daajing Giids, BC"
20260317.0908001,2026-03-17T09:08:20.000Z,70.3181,-133.1812,30.0,ML,4.11,"97 km N of Tuktoyaktuk, NT/97 km N de Tuktoyaktuk, NT"
20260317.0922001,2026-03-17T09:22:41.000Z,54.8229,-118.7358,5.89,MLy,2.39,"Suspected industry-related event, 39 km S of Grande Prairie, AB/Événement lié à l'industrie soupconné, 39 km S de Grande Prairie, AB"
20260317.2229001,2026-03-17T22:29:02.000Z,50.4585,-130.1641,10.0,Mw',2.71,"190 km W of Port Hardy, BC/190 km O de Port Hardy, BC"
20260318.0224001,2026-03-18T02:24:47.000Z,49.194,-67.0069,23.21,MwN,1.98,"26 km WNW of Cap-Chat, QC/26 km ONO de Cap-Chat, QC"
20260318.0327001,2026-03-18T03:27:12.000Z,56.7826,-122.1555,1.0,MLy,2.4,"Suspected industry-related event, 38 km NNW of Halfway River 168, BC/Événement lié à l'industrie soupconné, 38 km NNO de Halfway River 168, BC"
20260318.0439001,2026-03-18T04:39:00.000Z,50.5755,-130.4014,10.0,Mw',3.18,"205 km W of Port Hardy, BC/205 km O de Port Hardy, BC"
20260318.0454001,2026-03-18T04:54:37.000Z,60.5594,-139.914,1.0,ML,3.22,"133 km W of Haines Junction, YT/133 km O de Haines Junction, YT"
20260318.0944002,2026-03-18T09:44:51.000Z,54.5203,-118.5366,5.0,MLy,4.01,"Suspected industry-related event, 74 km SSE of Grande Prairie, AB/Événement lié à l'industrie soupconné, 74 km SSE de Grande Prairie, AB"
20260318.1245001,2026-03-18T12:45:39.000Z,51.2341,-130.7073,10.0,Mw',3.22,"232 km WNW of Port Hardy, BC/232 km ONO de Port Hardy, BC"
20260318.1448001,2026-03-18T14:48:44.000Z,48.9646,-128.3176,10.0,Mw',3.0,"177 km W of Tofino, BC/177 km O de Tofino, BC"
20260318.1553001,2026-03-18T15:53:17.000Z,48.9484,-128.2802,10.0,Mw',2.99,"175 km W of Tofino, BC/175 km O de Tofino, BC"
20260318.1559001,2026-03-18T15:59:14.000Z,51.9552,-124.6549,5.0,ML,2.12,"52 km WSW of Redstone Flat 1, BC/52 km OSO de Redstone Flat 1, BC"
20260318.2130001,2026-03-18T21:30:37.000Z,65.4893,-134.097,5.0,ML,3.69,"219 km S of Fort McPherson, NT/219 km S de Fort McPherson, NT"
20260318.2209001,2026-03-18T22:09:12.000Z,66.3439,-142.3535,5.0,ML,2.94,"175 km SW of Old Crow, YT/175 km SO de Old Crow, YT"
20260318.2231001,2026-03-18T22:31:34.000Z,59.7946,-139.1188,1.0,ML,1.93,"139 km SW of Haines Junction, YT/139 km SO de Haines Junction, YT"
20260318.2250001,2026-03-18T22:50:25.000Z,60.5816,-139.7735,1.0,ML,3.02,"125 km W of Haines Junction, YT/125 km O de Haines Junction, YT"
20260318.2252001,2026-03-18T22:52:11.000Z,52.7685,-132.3681,19.69,ML,2.87,"57 km SSW of Daajing Giids, BC/57 km SSO de Daajing Giids, BC"
20260318.2307001,2026-03-18T23:07:33.000Z,55.4564,-122.4078,0.0,ML,2.65,"Suspected blast, 18 km SSW of Willow Creek Mine, BC/Dynamitage soupconné, 18 km SSO de la mine Willow Creek, BC"
20260319.0126001,2026-03-19T01:26:51.000Z,49.6084,-127.383,19.69,ML,2.32,"47 km S of Houpsitas 6, BC/47 km S de Houpsitas 6, BC"
20260319.0136001,2026-03-19T01:36:53.000Z,59.8588,-140.4561,5.0,ML,2.32,"190 km WSW of Haines Junction, YT/190 km OSO de Haines Junction, YT"
20260319.0148001,2026-03-19T01:48:22.000Z,49.2746,-67.3979,23.07,MwN,1.31,"48 km NNE of Matane, QC/48 km NNE de Matane, QC"
20260319.0331001,2026-03-19T03:31:43.000Z,60.5113,-140.0159,5.0,ML,3.28,"139 km W of Haines Junction, YT/139 km O de Haines Junction, YT"
20260319.0536001,2026-03-19T05:36:19.000Z,60.5674,-139.7668,5.0,ML,2.14,"125 km W of Haines Junction, YT/125 km O de Haines Junction, YT"
20260319.0656001,2026-03-19T06:56:25.000Z,61.6626,-141.6381,5.0,ML,2.22,"89 km SSW of Beaver Creek, YT/89 km SSO de Beaver Creek, YT"
20260319.0834001,2026-03-19T08:34:00.000Z,60.5879,-140.0518,5.0,ML,2.42,"140 km W of Haines Junction, YT/140 km O de Haines Junction, YT"
20260319.0836001,2026-03-19T08:36:50.000Z,47.4888,-70.1117,12.1,MwN,0.65,"14 km NNW of La Pocatière, QC/14 km NNO de La Pocatière, QC"
20260319.0853001,2026-03-19T08:53:57.000Z,59.8831,-140.4225,5.0,ML,2.52,"187 km WSW of Haines Junction, YT/187 km OSO de Haines Junction, YT"
20260319.1153001,2026-03-19T11:53:42.000Z,50.5956,-130.2526,10.0,Mw',3.36,"195 km W of Port Hardy, BC/195 km O de Port Hardy, BC"
20260319.1217001,2026-03-19T12:17:29.000Z,49.5659,-66.3339,18.0,MwN,1.03,"50 km NNE of Sainte-Anne-des-Monts, QC/50 km NNE de Sainte-Anne-des-Monts, QC"
20260319.1253001,2026-03-19T12:53:45.000Z,60.5467,-139.7634,5.0,ML,2.32,"125 km W of Haines Junction, YT/125 km O de Haines Junction, YT"
20260319.1645001,2026-03-19T16:45:38.000Z,54.5462,-118.5524,1.0,MLy,2.09,"Suspected industry-related event, 71 km SSE of Grande Prairie, AB/Événement lié à l'industrie soupconné, 71 km SSE de Grande Prairie, AB"
20260319.1813001,2026-03-19T18:13:22.000Z,60.389,-139.4682,5.0,ML,2.56,"114 km WSW of Haines Junction, YT/114 km OSO de Haines Junction, YT"
20260319.1950001,2026-03-19T19:50:17.000Z,60.622,-139.8611,5.0,ML,2.17,"129 km W of Haines Junction, YT/129 km O de Haines Junction, YT"
20260319.2154001,2026-03-19T21:54:50.000Z,54.5116,-118.5486,1.0,MLy,2.07,"Suspected industry-related event, 75 km SSE of Grande Prairie, AB/Événement lié à l'industrie soupconné, 75 km SSE de Grande Prairie, AB"
20260320.0053001,2026-03-20T00:53:53.000Z,60.5892,-139.9088,5.0,ML,2.12,"99 km SSW of Burwash Landing, YT/99 km SSO de Burwash Landing, YT"
20260320.0122001,2026-03-20T01:22:40.000Z,47.5002,-70.0405,12.25,MwN,0.4,"14 km N of La Pocatière, QC/14 km N de La Pocatière, QC"
20260320.0207001,2026-03-20T02:07:53.000Z,50.5659,-65.9767,18.0,MwN,1.07,"42 km NNE of Maliotenam, QC/42 km NNE de Maliotenam, QC"
20260320.0217001,2026-03-20T02:17:30.000Z,50.7282,-65.9946,18.0,MwN,1.14,"59 km NNE of Maliotenam, QC/59 km NNE de Maliotenam, QC"
20260320.0433001,2026-03-20T04:33:03.000Z,60.4524,-139.6188,5.0,ML,2.33,"120 km WSW of Haines Junction, YT/120 km OSO de Haines Junction, YT"
20260320.0856001,2026-03-20T08:56:37.000Z,54.5451,-118.5694,1.0,MLy,2.11,"Suspected industry-related event, 71 km SSE of Grande Prairie, AB/Événement lié à l'industrie soupconné, 71 km SSE de Grande Prairie, AB"
20260320.0909001,2026-03-20T09:09:20.000Z,61.1543,-140.0077,5.0,ML,2.42,"59 km WSW of Burwash Landing, YT/59 km OSO de Burwash Landing, YT"
20260320.1709001,2026-03-20T17:09:51.000Z,60.7467,-139.8945,5.0,ML,2.9,"83 km SW of Burwash Landing, YT/83 km SO de Burwash Landing, YT"
20260320.1719001,2026-03-20T17:19:45.000Z,60.6424,-139.9323,5.0,ML,2.82,"94 km SSW of Burwash Landing, YT/94 km SSO de Burwash Landing, YT"
20260320.2219001,2026-03-20T22:19:27.000Z,47.4683,-70.1097,20.17,MwN,0.69,"20 km S of La Malbaie, QC/20 km S de La Malbaie, QC"
20260320.2336001,2026-03-20T23:36:04.000Z,45.2872,-75.6991,11.87,MwN,0.53,"10 km WSW of Ottawa, ON/10 km OSO de Ottawa, ON"
20260321.0048001,2026-03-21T00:48:42.000Z,67.3353,-126.2975,10.0,ML,2.33,"34 km NNW of Colville Lake, NT/34 km NNO de Colville Lake, NT"
20260321.0411001,2026-03-21T04:11:42.000Z,64.9099,-134.076,5.0,ML,2.98,"125 km NNE of Bellekeno Mine, YT/125 km NNE de la mine Bellekeno, YT"
20260321.0603001,2026-03-21T06:03:53.000Z,56.6529,-121.5986,4.02,MLy,1.99,"Suspected industry-related event, 25 km NE of Halfway River 168, BC/Événement lié à l'industrie soupconné, 25 km NE de Halfway River 168, BC"
20260321.0719001,2026-03-21T07:19:23.000Z,44.1096,-75.6162,5.0,MwN,0.63,"28 km ENE of Watertown, NY/28 km ENE de Watertown, NY"
20260321.1009001,2026-03-21T10:09:47.000Z,56.6865,-121.6077,4.64,MLy,1.96,"Suspected industry-related event, 28 km NNE of Halfway River 168, BC/Événement lié à l'industrie soupconné, 28 km NNE de Halfway River 168, BC"
20260321.1202001,2026-03-21T12:02:31.000Z,68.0718,-136.9167,5.0,ML,3.14,"81 km W of Aklavik, NT/81 km O de Aklavik, NT"
20260321.1308001,2026-03-21T13:08:03.000Z,43.7143,-76.4734,8.93,MwN,2.71,"66 km S of Kingston, ON/66 km S de Kingston, ON"
20260321.1324001,2026-03-21T13:24:17.000Z,49.6388,-126.765,31.82,ML,1.75,"32 km SSW of Tahsis, BC/32 km SSO de Tahsis, BC"
20260321.1606001,2026-03-21T16:06:04.000Z,53.3737,-117.3069,0.0,ML,3.08,"Blast, 17 km ESE of Hinton, AB/Dynamitage, 17 km ESE de Hinton, AB"
20260321.1614001,2026-03-21T16:14:03.000Z,56.6974,-121.636,4.17,MLy,2.71,"Suspected industry-related event, 28 km NNE of Halfway River 168, BC/Événement lié à l'industrie soupconné, 28 km NNE de Halfway River 168, BC"
20260321.1706001,2026-03-21T17:06:37.000Z,60.5594,-139.9516,1.0,ML,2.49,"135 km W of Haines Junction, YT/135 km O de Haines Junction, YT"
20260321.1723001,2026-03-21T17:23:53.000Z,52.3466,-121.8387,0.0,ML,2.12,"Blast, 4 km SSE of Big Lake, BC/Dynamitage, 4 km SSE de Big Lake, BC"
20260321.1757001,2026-03-21T17:57:07.000Z,53.9461,-132.0495,19.84,ML,2.35,"10 km SE of Masset, BC/10 km SE de Masset, BC"
20260321.1840001,2026-03-21T18:40:59.000Z,49.712,-126.836,39.3,ML,1.19,"26 km SSW of Tahsis, BC/26 km SSO de Tahsis, BC"
20260321.1902001,2026-03-21T19:02:30.000Z,58.6676,-137.5523,5.0,ML,2.08,"186 km WNW of Juneau, AK/186 km ONO de Juneau, AK"
20260321.1903001,2026-03-21T19:03:35.000Z,55.5241,-122.3457,0.0,ML,2.64,"Blast, 9 km SSW of Willow Creek Mine, BC/Dynamitage, 9 km SSO de la mine Willow Creek, BC"
20260321.1930001,2026-03-21T19:30:33.000Z,50.2229,-114.8632,0.0,ML,3.01,"Blast, 4 km NW of Fording River Mine, BC/Dynamitage, 4 km NO de la mine Fording River, BC"
20260321.2046001,2026-03-21T20:46:45.000Z,47.2948,-70.4833,3.24,MwN,0.81,"17 km S of Baie-Saint-Paul, QC/17 km S de Baie-Saint-Paul, QC"
20260321.2100001,2026-03-21T21:00:36.000Z,54.0493,-119.1805,0.0,MLy,2.53,"Blast, 18 km NNW of Grande Cache, AB/Dynamitage, 18 km NNO de Grande Cache, AB"
20260321.2146001,2026-03-21T21:46:16.000Z,49.3573,-120.4947,0.0,ML,2.41,"Blast, 11 km S of Princeton, BC/Dynamitage, 11 km S de Princeton, BC"
20260321.2316001,2026-03-21T23:16:02.000Z,56.7087,-121.5791,3.59,MLy,2.23,"Suspected industry-related event, 41 km SW of Prespatou, BC/Événement lié à l'industrie soupconné, 41 km SO de Prespatou, BC"
20260322.0016001,2026-03-22T00:16:27.000Z,50.8519,-124.1576,5.0,ML,1.78,"70 km SSW of Lohbiee 3, BC/70 km SSO de Lohbiee 3, BC"
20260322.0113001,2026-03-22T01:13:39.000Z,60.582,-139.945,1.0,ML,2.72,"100 km SSW of Burwash Landing, YT/100 km SSO de Burwash Landing, YT"
20260322.0507001,2026-03-22T05:07:35.000Z,56.3824,-122.0482,5.0,MLy,2.13,"Suspected industry-related event, 16 km SW of Halfway River 168, BC/Événement lié à l'industrie soupconné, 16 km SO de Halfway River 168, BC"
20260322.0516001,2026-03-22T05:16:20.000Z,47.6949,-70.1866,5.11,MwN,0.05,"6 km NNW of La Malbaie, QC/6 km NNO de La Malbaie, QC"
20260322.0528001,2026-03-22T05:28:59.000Z,52.5717,-131.9816,21.46,ML,2.17,"76 km S of Daajing Giids, BC/76 km S de Daajing Giids, BC"
20260322.0535001,2026-03-22T05:35:40.000Z,54.6746,-118.6207,5.24,MLy,1.98,"Suspected industry-related event, 56 km SSE of Grande Prairie, AB/Événement lié à l'industrie soupconné, 56 km SSE de Grande Prairie, AB"
20260322.0659001,2026-03-22T06:59:27.000Z,54.0326,-112.7901,1.0,MLy,2.89,"7 km S of Waskatenau, AB/7 km S de Waskatenau, AB"
20260322.0833001,2026-03-22T08:33:13.000Z,59.8234,-141.8723,5.0,ML,2.3,"262 km WSW of Haines Junction, YT/262 km OSO de Haines Junction, YT"
20260322.0917001,2026-03-22T09:17:26.000Z,53.8198,-132.1863,10.07,ML,1.62,"21 km S of Masset, BC/21 km S de Masset, BC"
20260322.1126001,2026-03-22T11:26:13.000Z,53.8352,-131.7151,5.0,ML,1.74,"34 km SE of Masset, BC/34 km SE de Masset, BC"
20260322.1224001,2026-03-22T12:24:10.000Z,54.011,-112.7863,4.99,MLy,2.52,"Suspected industry-related event, 9 km S of Waskatenau, AB/Événement lié à l'industrie soupconné, 9 km S de Waskatenau, AB"
20260322.1516001,2026-03-22T15:16:58.000Z,50.0328,-127.9316,23.34,ML,1.6,"54 km SW of Port Alice, BC/54 km SO de Port Alice, BC"
20260322.1914001,2026-03-22T19:14:07.000Z,48.1089,-122.8295,55.28,ML,1.68,"53 km SE of Victoria, BC/53 km SE de Victoria, BC"
20260322.1923001,2026-03-22T19:23:30.000Z,48.7886,-129.3526,10.0,Mw',4.28,"253 km SSW of Port Hardy, BC/253 km SSO de Port Hardy, BC"
20260322.2109001,2026-03-22T21:09:19.000Z,45.8079,-76.9307,11.43,MwN,1.15,"14 km E of Pembroke, ON/14 km E de Pembroke, ON"
20260322.2146001,2026-03-22T21:46:13.000Z,52.41,-122.3043,0.0,ML,2.45,"Blast, 12 km WNW of Cariboo D, BC/Dynamitage, 12 km ONO de Cariboo D, BC"
20260322.2156001,2026-03-22T21:56:14.000Z,48.6869,-121.9831,1.0,ML,2.13,"48 km SSE of Abbotsford, BC/48 km SSE de Abbotsford, BC"
20260322.2206001,2026-03-22T22:06:34.000Z,50.5123,-121.01,0.0,ML,2.65,"Blast, 14 km W of Logan Lake, BC/Dynamitage, 14 km O de Logan Lake, BC"
20260322.2358001,2026-03-22T23:58:56.000Z,60.6346,-139.7334,1.0,ML,2.6,"90 km SSW of Burwash Landing, YT/90 km SSO de Burwash Landing, YT"
20260323.0056001,2026-03-23T00:56:33.000Z,60.5183,-141.2615,5.0,ML,2.85,"206 km W of Haines Junction, YT/206 km O de Haines Junction, YT"
20260323.0107001,2026-03-23T01:07:40.000Z,60.5445,-139.9541,5.0,ML,3.03,"135 km W of Haines Junction, YT/135 km O de Haines Junction, YT"
20260323.0108001,2026-03-23T01:08:00.000Z,54.6904,-118.9397,1.0,MLy,2.3,"Suspected industry-related event, 54 km S of Grande Prairie, AB/Événement lié à l'industrie soupconné, 54 km S de Grande Prairie, AB"
20260323.0117001,2026-03-23T01:17:42.000Z,60.4262,-139.5502,5.0,ML,3.63,"117 km WSW of Haines Junction, YT/117 km OSO de Haines Junction, YT"
20260323.0200001,2026-03-23T02:00:47.000Z,60.4087,-139.5451,5.0,ML,2.6,"118 km WSW of Haines Junction, YT/118 km OSO de Haines Junction, YT"
20260323.0227001,2026-03-23T02:27:21.000Z,48.9111,-129.1668,10.0,Mw',3.58,"234 km SSW of Port Hardy, BC/234 km SSO de Port Hardy, BC"
20260323.0354001,2026-03-23T03:54:01.000Z,60.4833,-139.8581,5.0,ML,2.21,"132 km WSW of Haines Junction, YT/132 km OSO de Haines Junction, YT"
20260323.0659001,2026-03-23T06:59:56.000Z,61.1657,-139.9986,5.0,ML,2.62,"58 km WSW of Burwash Landing, YT/58 km OSO de Burwash Landing, YT"
20260323.0710001,2026-03-23T07:10:45.000Z,61.1561,-139.9902,5.0,ML,2.13,"58 km WSW of Burwash Landing, YT/58 km OSO de Burwash Landing, YT"
20260323.0739001,2026-03-23T07:39:46.000Z,56.6789,-121.5847,1.0,MLy,2.53,"Suspected industry-related event, 28 km NE of Halfway River 168, BC/Événement lié à l'industrie soupconné, 28 km NE de Halfway River 168, BC"
20260323.0918001,2026-03-23T09:18:12.000Z,56.6879,-121.6421,1.0,MLy,2.53,"Suspected industry-related event, 27 km NNE of Halfway River 168, BC/Événement lié à l'industrie soupconné, 27 km NNE de Halfway River 168, BC"
20260323.1130001,2026-03-23T11:30:32.000Z,49.464,-66.6907,18.0,MwN,0.88,"39 km NNW of Sainte-Anne-des-Monts, QC/39 km NNO de Sainte-Anne-des-Monts, QC"
20260323.1444001,2026-03-23T14:44:52.000Z,49.3677,-123.962,64.53,ML1,1.45,"63 km W of Vancouver, BC/63 km O de Vancouver, BC"
20260323.2106001,2026-03-23T21:06:33.000Z,48.0926,-77.8733,1.17,MwN,2.08,"Mining event, Goldex Mine, QC/Événement minier, Mine Goldex, QC"
20260323.2107001,2026-03-23T21:07:29.000Z,48.0926,-77.8733,1.17,MwN,1.84,"Mining event, Goldex Mine, QC/Événement minier, Mine Goldex, QC"
20260323.2219001,2026-03-23T22:19:19.000Z,52.5305,-131.8864,22.35,ML,1.91,"82 km S of Daajing Giids, BC/82 km S de Daajing Giids, BC"
20260324.0322001,2026-03-24T03:22:45.000Z,54.3806,-117.2332,1.0,MLy,2.64,"Suspected industry-related event, 28 km W of Fox Creek, AB/Événement lié à l'industrie soupconné, 28 km O de Fox Creek, AB"
20260324.0400001,2026-03-24T04:00:41.000Z,47.8135,-65.9597,5.0,MwN,1.8,"15 km NNW of Beresford, NB/15 km NNO de Beresford, NB"
20260324.0418001,2026-03-24T04:18:09.000Z,61.1581,-140.0002,5.0,ML,2.44,"58 km WSW of Burwash Landing, YT/58 km OSO de Burwash Landing, YT"
20260324.0613001,2026-03-24T06:13:42.000Z,47.6701,-69.9128,15.21,MwN,0.74,"18 km E of La Malbaie, QC/18 km E de La Malbaie, QC"
20260324.0620001,2026-03-24T06:20:55.000Z,45.1728,-73.8097,4.98,MwN,1.01,"9 km S of Sainte-Martine, QC/9 km S de Sainte-Martine, QC"
20260324.0647001,2026-03-24T06:47:40.000Z,45.9554,-74.2679,20.22,MwN,1.04,"10 km W of Sainte-Adèle, QC/10 km O de Sainte-Adèle, QC"
20260324.0702001,2026-03-24T07:02:45.000Z,52.4819,-132.2756,38.47,ML,2.51,"87 km S of Daajing Giids, BC/87 km S de Daajing Giids, BC"
20260324.0910001,2026-03-24T09:10:24.000Z,54.3063,-118.5607,1.0,MLy,2.66,"Suspected industry-related event, 59 km NE of Grande Cache, AB/Événement lié à l'industrie soupconné, 59 km NE de Grande Cache, AB"
20260324.1425001,2026-03-24T14:25:36.000Z,48.7,-128.9502,10.0,Mw',3.02,"248 km SSW of Port Hardy, BC/248 km SSO de Port Hardy, BC"
20260324.1555001,2026-03-24T15:55:17.000Z,47.5188,-72.1998,18.0,MwN,1.93,"45 km ENE of La Tuque, QC/45 km ENE de La Tuque, QC"
20260324.1648001,2026-03-24T16:48:12.000Z,46.0218,-66.7562,0.0,MwN,1.63,"Blast, 11 km NW of Fredericton, NB/Dynamitage, 11 km NO de Fredericton, NB"
20260324.1805001,2026-03-24T18:05:12.000Z,48.8793,-129.0432,10.0,Mw',2.83,"233 km SSW of Port Hardy, BC/233 km SSO de Port Hardy, BC"
20260324.2005001,2026-03-24T20:05:24.000Z,56.6894,-121.6142,1.0,MLy,2.65,"Suspected industry-related event, 28 km NNE of Halfway River 168, BC/Événement lié à l'industrie soupconné, 28 km NNE de Halfway River 168, BC"
20260324.2013002,2026-03-24T20:13:37.000Z,48.8818,-129.095,10.0,Mw',3.28,"235 km SSW of Port Hardy, BC/235 km SSO de Port Hardy, BC"
20260324.2055001,2026-03-24T20:55:49.000Z,60.4716,-139.6848,5.0,ML,3.77,"123 km WSW of Haines Junction, YT/123 km OSO de Haines Junction, YT"
20260324.2215001,2026-03-24T22:15:53.000Z,56.6889,-121.6021,1.0,MLy,2.8,"Suspected industry-related event, 28 km NNE of Halfway River 168, BC/Événement lié à l'industrie soupconné, 28 km NNE de Halfway River 168, BC"
20260325.0023001,2026-03-25T00:23:09.000Z,60.4759,-139.6851,1.0,ML,3.39,"123 km WSW of Haines Junction, YT/123 km OSO de Haines Junction, YT"
20260325.0150001,2026-03-25T01:50:19.000Z,47.4261,-70.1561,10.61,MwN,0.78,"11 km NW of La Pocatière, QC/11 km NO de La Pocatière, QC"
20260325.0745001,2026-03-25T07:45:35.000Z,48.9157,-121.9818,3.37,ML,1.65,"13 km S of Fraser Valley H, BC/13 km S de Fraser Valley H, BC"
20260325.0816001,2026-03-25T08:16:19.000Z,48.9738,-67.1487,18.0,MwN,0.43,"12 km WSW of Les Méchins, QC/12 km OSO de Les Méchins, QC"
20260325.0831001,2026-03-25T08:31:46.000Z,54.3057,-117.7421,4.22,MLy,2.26,"Suspected industry-related event, 61 km W of Fox Creek, AB/Événement lié à l'industrie soupconné, 61 km O de Fox Creek, AB"
20260325.1216001,2026-03-25T12:16:48.000Z,56.6876,-121.6172,4.72,MLy,2.45,"Suspected industry-related event, 27 km NNE of Halfway River 168, BC/Événement lié à l'industrie soupconné, 27 km NNE de Halfway River 168, BC"
20260325.1325002,2026-03-25T13:25:34.000Z,52.4337,-131.7814,24.83,Mw,4.28,"93 km SSE of Daajing Giids, BC/93 km SSE de Daajing Giids, BC"
20260326.0334001,2026-03-26T03:34:19.000Z,56.6704,-122.0438,1.0,MLy,2.15,"Suspected industry-related event, 24 km NNW of Halfway River 168, BC/Événement lié à l'industrie soupconné, 24 km NNO de Halfway River 168, BC"
20260326.0344001,2026-03-26T03:44:08.000Z,61.521,-141.2299,5.0,ML,2.12,"98 km S of Beaver Creek, YT/98 km S de Beaver Creek, YT"
20260326.0535001,2026-03-26T05:35:05.000Z,60.4849,-139.8566,5.0,ML,1.82,"131 km WSW of Haines Junction, YT/131 km OSO de Haines Junction, YT"
20260326.0628001,2026-03-26T06:28:03.000Z,47.4233,-70.0843,9.73,MwN,0.29,"7 km NNW of La Pocatière, QC/7 km NNO de La Pocatière, QC"
20260326.0648001,2026-03-26T06:48:26.000Z,47.4988,-70.0316,13.67,MwN,0.7,"14 km N of La Pocatière, QC/14 km N de La Pocatière, QC"
20260326.0649001,2026-03-26T06:49:33.000Z,47.499,-70.0294,13.51,MwN,0.34,"14 km N of La Pocatière, QC/14 km N de La Pocatière, QC"
20260326.0754001,2026-03-26T07:54:09.000Z,56.7004,-121.5936,1.0,MLy,2.48,"Suspected industry-related event, 31 km W of Blueberry River 205, BC/Événement lié à l'industrie soupconné, 31 km O de Blueberry River 205, BC"
20260326.1021001,2026-03-26T10:21:43.000Z,48.6342,-123.1376,16.82,ML1,1.24,"21 km ENE of Central Saanich, BC/21 km ENE de Central Saanich, BC"
20260326.1105001,2026-03-26T11:05:26.000Z,48.8689,-123.4125,20.61,ML,1.43,"7 km ENE of Saltspring Island Trust Area, BC/7 km ENE de Saltspring Island Trust Area, BC"
20260326.1119001,2026-03-26T11:19:23.000Z,60.5132,-139.9726,5.0,ML,2.41,"137 km W of Haines Junction, YT/137 km O de Haines Junction, YT"
20260326.1123001,2026-03-26T11:23:11.000Z,49.7079,-127.1742,28.97,ML1,1.37,"43 km WSW of Tahsis, BC/43 km OSO de Tahsis, BC"
20260326.1301001,2026-03-26T13:01:38.000Z,48.4628,-68.4993,0.0,MwN,1.44,"Blast, 3 km ENE of Rimouski, QC, felt/Dynamitage, 3 km ENE de Rimouski, QC, ressenti"
20260326.1525001,2026-03-26T15:25:57.000Z,56.3883,-122.0565,1.0,MLy,2.39,"Suspected industry-related event, 16 km SW of Halfway River 168, BC/Événement lié à l'industrie soupconné, 16 km SO de Halfway River 168, BC"
20260326.1717001,2026-03-26T17:17:35.000Z,44.5372,-79.1516,2.0,MwN,1.92,"2 km ESE of Ramara, ON/2 km ESE de Ramara, ON"
20260326.1728001,2026-03-26T17:28:50.000Z,45.2229,-65.9628,0.0,MwN,1.49,"Blast, 7 km SE of Saint John, NB/Dynamitage, 7 km SE de Saint John, NB"
20260326.2033001,2026-03-26T20:33:20.000Z,60.5677,-139.8636,5.0,ML,2.63,"130 km W of Haines Junction, YT/130 km O de Haines Junction, YT"
20260326.2136001,2026-03-26T21:36:36.000Z,60.0574,-139.2619,5.0,ML,2.17,"123 km SW of Haines Junction, YT/123 km SO de Haines Junction, YT"
20260326.2149001,2026-03-26T21:49:48.000Z,60.3583,-139.4977,5.0,ML,2.13,"117 km WSW of Haines Junction, YT/117 km OSO de Haines Junction, YT"
20260326.2229001,2026-03-26T22:29:42.000Z,54.9078,-121.1261,0.0,ML,2.91,"Blast, 15 km SW of Trend Mine, BC/Dynamitage, 15 km SO de la mine Trend, BC"
20260326.2242001,2026-03-26T22:42:57.000Z,49.5039,-123.7105,0.0,ML,2.15,"Blast, 5 km NE of Sechelt, BC/Dynamitage, 5 km NE de Sechelt, BC"
20260327.0033001,2026-03-27T00:33:41.000Z,47.8818,-69.5637,12.64,MwN,0.79,"6 km NNW of Rivière-du-Loup, QC/6 km NNO de Rivière-du-Loup, QC"
20260327.0118001,2026-03-27T01:18:34.000Z,47.8828,-69.5659,12.5,MwN,0.8,"6 km NNW of Rivière-du-Loup, QC/6 km NNO de Rivière-du-Loup, QC"
20260327.0748001,2026-03-27T07:48:32.000Z,54.3104,-117.6918,1.0,MLy,2.51,"Suspected industry-related event, 58 km W of Fox Creek, AB/Événement lié à l'industrie soupconné, 58 km O de Fox Creek, AB"
20260327.0949001,2026-03-27T09:49:52.000Z,50.0582,-67.0251,6.32,MwN,0.84,"12 km WNW of Port-Cartier, QC/12 km ONO de Port-Cartier, QC"
20260327.1108001,2026-03-27T11:08:02.000Z,60.6195,-140.0881,5.0,ML,2.09,"101 km SW of Burwash Landing, YT/101 km SO de Burwash Landing, YT"
20260327.1202001,2026-03-27T12:02:24.000Z,50.1261,-130.1326,10.0,Mw',2.94,"198 km WSW of Port Hardy, BC/198 km OSO de Port Hardy, BC"
20260327.1241001,2026-03-27T12:41:11.000Z,60.4052,-139.6015,5.0,ML,2.31,"121 km WSW of Haines Junction, YT/121 km OSO de Haines Junction, YT"
20260327.1310001,2026-03-27T13:10:20.000Z,53.1331,-132.8849,14.51,ML,1.67,"55 km WSW of Daajing Giids, BC/55 km OSO de Daajing Giids, BC"
20260327.1421001,2026-03-27T14:21:42.000Z,58.9904,-137.9569,9.76,ML,2.46,"249 km SW of Whitehorse, YT/249 km SO de Whitehorse, YT"
20260327.1501001,2026-03-27T15:01:37.000Z,52.7789,-132.387,14.47,ML,1.89,"57 km SSW of Daajing Giids, BC/57 km SSO de Daajing Giids, BC"
20260328.0150001,2026-03-28T01:50:15.000Z,47.0916,-79.7072,5.0,MwN,0.93,"34 km SW of Ville-Marie, QC/34 km SO de Ville-Marie, QC"
20260328.0243001,2026-03-28T02:43:30.000Z,47.1061,-79.6893,5.0,MwN,0.94,"32 km SW of Ville-Marie, QC/32 km SO de Ville-Marie, QC"
20260328.0756001,2026-03-28T07:56:29.000Z,45.6087,-66.4931,5.0,MwN,1.05,"5 km E of Blissville, NB/5 km E de Blissville, NB"
20260328.1211001,2026-03-28T12:11:38.000Z,56.7055,-121.6275,4.56,MLy,3.04,"Suspected industry-related event, 29 km NNE of Halfway River 168, BC/Événement lié à l'industrie soupconné, 29 km NNE de Halfway River 168, BC"
20260328.2102001,2026-03-28T21:02:32.000Z,48.0926,-77.8733,1.25,MwN,1.39,"Mining event, Goldex Mine, QC/Événement minier, Mine Goldex, QC"
20260328.2254001,2026-03-28T22:54:47.000Z,50.8132,-130.5551,10.0,Mw',3.16,"215 km W of Port Hardy, BC/215 km O de Port Hardy, BC"
20260329.0954001,2026-03-29T09:54:13.000Z,50.838,-130.5205,10.0,Mw',2.89,"213 km W of Port Hardy, BC/213 km O de Port Hardy, BC"
20260329.1750001,2026-03-29T17:50:17.000Z,50.6,-130.1,5.0,Mw,4.8,"Preliminary; 183 km W   of Port Hardy, BC/Preliminaire; 183 km O   de Port Hardy, BC"
20260329.1750002,2026-03-29T17:50:18.000Z,50.5015,-130.3664,10.0,Mw,4.52,"204 km W of Port Hardy, BC/204 km O de Port Hardy, BC"
20260329.1807001,2026-03-29T18:07:21.000Z,58.9735,-137.9313,1.0,ML,3.46,"249 km SW of Whitehorse, YT/249 km SO de Whitehorse, YT"
20260330.0029001,2026-03-30T00:29:05.000Z,61.1898,-139.8997,5.0,ML,1.9,"52 km WSW of Burwash Landing, YT/52 km OSO de Burwash Landing, YT"
20260330.0146001,2026-03-30T01:46:30.000Z,60.3853,-139.5204,5.0,ML,2.35,"117 km WSW of Haines Junction, YT/117 km OSO de Haines Junction, YT"
20260330.0207002,2026-03-30T02:07:45.000Z,48.7808,-128.5633,10.0,Mw',3.24,"229 km SSW of Port Hardy, BC/229 km SSO de Port Hardy, BC"
20260330.0207001,2026-03-30T02:07:45.000Z,48.7808,-128.5633,10.0,MLSn,2.62,"229 km SSW of Port Hardy, BC/229 km SSO de Port Hardy, BC"
20260330.0226001,2026-03-30T02:26:44.000Z,48.7307,-128.6557,10.0,Mw',3.64,"237 km SSW of Port Hardy, BC/237 km SSO de Port Hardy, BC"
20260330.0422001,2026-03-30T04:22:51.000Z,54.318,-118.5257,1.0,MLy,2.39,"Suspected industry-related event, 61 km NE of Grande Cache, AB/Événement lié à l'industrie soupconné, 61 km NE de Grande Cache, AB"
20260330.0605001,2026-03-30T06:05:55.000Z,56.6666,-121.5519,1.0,MLy,2.7,"Suspected industry-related event, 28 km W of Blueberry River 205, BC/Événement lié à l'industrie soupconné, 28 km O de Blueberry River 205, BC"
20260330.0623001,2026-03-30T06:23:44.000Z,60.4711,-139.6415,5.0,ML,1.74,"120 km WSW of Haines Junction, YT/120 km OSO de Haines Junction, YT"
20260330.0756001,2026-03-30T07:56:25.000Z,51.1317,-124.4876,5.0,ML,2.56,"54 km SW of Lohbiee 3, BC/54 km SO de Lohbiee 3, BC"
20260330.0900001,2026-03-30T09:00:04.000Z,54.2714,-118.5723,1.0,MLy,2.83,"Suspected industry-related event, 56 km NE of Grande Cache, AB/Événement lié à l'industrie soupconné, 56 km NE de Grande Cache, AB"
20260330.0907001,2026-03-30T09:07:52.000Z,54.3024,-118.5493,1.0,MLy,3.09,"Suspected industry-related event, 59 km NE of Grande Cache, AB/Événement lié à l'industrie soupconné, 59 km NE de Grande Cache, AB"
20260330.1309001,2026-03-30T13:09:27.000Z,56.6883,-121.6193,1.0,MLy,2.57,"Suspected industry-related event, 27 km NNE of Halfway River 168, BC/Événement lié à l'industrie soupconné, 27 km NNE de Halfway River 168, BC"
20260330.1456001,2026-03-30T14:56:07.000Z,56.697,-121.5905,1.0,MLy,2.73,"Suspected industry-related event, 30 km W of Blueberry River 205, BC/Événement lié à l'industrie soupconné, 30 km O de Blueberry River 205, BC"
20260330.1546001,2026-03-30T15:46:42.000Z,53.3657,-117.4228,1.0,MLy,2.43,"Suspected industry-related event, 11 km ESE of Hinton, AB/Événement lié à l'industrie soupconné, 11 km ESE de Hinton, AB"
20260330.1751001,2026-03-30T17:51:09.000Z,56.6968,-121.5991,1.0,MLy,3.28,"Suspected industry-related event, 31 km W of Blueberry River 205, BC/Événement lié à l'industrie soupconné, 31 km O de Blueberry River 205, BC"
20260330.1755001,2026-03-30T17:55:00.000Z,54.3041,-118.53,1.0,MLy,2.66,"Suspected industry-related event, 60 km NE of Grande Cache, AB/Événement lié à l'industrie soupconné, 60 km NE de Grande Cache, AB"
20260330.1845001,2026-03-30T18:45:55.000Z,49.6364,-122.2446,5.0,ML,2.3,"14 km SSW of Douglas 8, BC/14 km SSO de Douglas 8, BC"
20260330.1953001,2026-03-30T19:53:19.000Z,49.3245,-122.6665,0.0,ML,1.48,"Blast, 10 km ENE of Coquitlam, BC/Dynamitage, 10 km ENE de Coquitlam, BC"
20260330.2007002,2026-03-30T20:07:33.000Z,56.6983,-121.6097,1.0,MLy,2.52,"Suspected industry-related event, 29 km NNE of Halfway River 168, BC/Événement lié à l'industrie soupconné, 29 km NNE de Halfway River 168, BC"
20260330.2007001,2026-03-30T20:07:33.000Z,56.7177,-121.5997,1.0,MLy,2.52,"Suspected industry-related event, 41 km SW of Prespatou, BC/Événement lié à l'industrie soupconné, 41 km SO de Prespatou, BC"
20260330.2027001,2026-03-30T20:27:05.000Z,60.4347,-139.5946,5.0,ML,2.06,"119 km WSW of Haines Junction, YT/119 km OSO de Haines Junction, YT"
20260330.2140001,2026-03-30T21:40:32.000Z,49.1454,-122.1781,0.0,ML,1.57,"Blast, 15 km NE of Abbotsford, BC/Dynamitage, 15 km NE de Abbotsford, BC"
20260330.2244001,2026-03-30T22:44:07.000Z,62.2207,-141.5402,5.0,ML,1.95,"39 km WSW of Beaver Creek, YT/39 km OSO de Beaver Creek, YT"
20260331.0223001,2026-03-31T02:23:24.000Z,47.587,-70.2326,11.99,MwN,0.33,"9 km SW of La Malbaie, QC/9 km SO de La Malbaie, QC"
20260331.0230002,2026-03-31T02:30:41.000Z,50.6312,-130.387,10.0,Mw',2.49,"204 km W of Port Hardy, BC/204 km O de Port Hardy, BC"
20260331.0327001,2026-03-31T03:27:17.000Z,54.6866,-118.4235,6.06,MLy,1.97,"Suspected industry-related event, 59 km SSE of Grande Prairie, AB/Événement lié à l'industrie soupconné, 59 km SSE de Grande Prairie, AB"
20260331.1427001,2026-03-31T14:27:33.000Z,54.3281,-118.5158,4.48,MLy,2.99,"Suspected industry-related event, 63 km NE of Grande Cache, AB/Événement lié à l'industrie soupconné, 63 km NE de Grande Cache, AB"
20260331.1507001,2026-03-31T15:07:47.000Z,54.2887,-118.5391,6.27,MLy,2.65,"Suspected industry-related event, 58 km NE of Grande Cache, AB/Événement lié à l'industrie soupconné, 58 km NE de Grande Cache, AB"
20260331.1556001,2026-03-31T15:56:55.000Z,48.7492,-128.5818,10.0,Mw',3.36,"201 km WSW of Tofino, BC/201 km OSO de Tofino, BC"
20260331.1626001,2026-03-31T16:26:28.000Z,50.8768,-130.326,10.0,Mw',2.86,"199 km W of Port Hardy, BC/199 km O de Port Hardy, BC"
20260331.1903001,2026-03-31T19:03:01.000Z,66.9981,-137.0011,5.0,ML,2.48,"103 km WSW of Fort McPherson, NT/103 km OSO de Fort McPherson, NT"
20260331.2133001,2026-03-31T21:33:16.000Z,55.0889,-124.0907,0.0,ML,2.35,"Blast, 5 km SW of Mount Milligan Mine, BC/Dynamitage, 5 km SO de la mine Mount Milligan, BC"
20260401.0221001,2026-04-01T02:21:04.000Z,50.7798,-130.4089,10.0,Mw',2.96,"205 km W of Port Hardy, BC/205 km O de Port Hardy, BC"
20260401.0312001,2026-04-01T03:12:24.000Z,46.3684,-66.1512,10.66,MwN,2.25,"22 km S of Doaktown, NB/22 km S de Doaktown, NB"
20260401.0320001,2026-04-01T03:20:26.000Z,46.3641,-66.1541,10.85,MwN,2.45,"32 km N of Minto, NB/32 km N de Minto, NB"
20260401.0812001,2026-04-01T08:12:00.000Z,64.4166,-133.6359,5.0,ML,2.46,"97 km NE of Bellekeno Mine, YT/97 km NE de la mine Bellekeno, YT"
20260401.1611001,2026-04-01T16:11:22.000Z,49.4392,-127.1412,28.4,ML,2.33,"63 km SSW of Tahsis, BC/63 km SSO de Tahsis, BC"
20260401.1623001,2026-04-01T16:23:01.000Z,53.3418,-117.375,0.0,MLy,2.54,"Blast, 15 km ESE of Hinton, AB/Dynamitage, 15 km ESE de Hinton, AB"
20260401.2012001,2026-04-01T20:12:02.000Z,54.4826,-133.7875,10.0,ML,2.34,"119 km WNW of Masset, BC/119 km ONO de Masset, BC"
20260401.2028001,2026-04-01T20:28:54.000Z,50.9875,-130.7412,10.0,Mw',3.45,"229 km W of Port Hardy, BC/229 km O de Port Hardy, BC"
20260401.2327002,2026-04-01T23:27:30.000Z,53.9317,-113.3883,3.8,MLy,4.5,"Industry-related event, 11 km WNW of Sturgeon County, AB, felt/Événement lié à l'industrie, 11 km ONO de Sturgeon County, AB, ressenti"
20260402.0102001,2026-04-02T01:02:08.000Z,54.3078,-118.5245,1.0,MLy,2.33,"Suspected industry-related event, 61 km NE of Grande Cache, AB/Événement lié à l'industrie soupconné, 61 km NE de Grande Cache, AB"
20260402.0118001,2026-04-02T01:18:20.000Z,60.061,-137.0276,5.0,ML1,1.51,"81 km SSE of Haines Junction, YT/81 km SSE de Haines Junction, YT"
20260402.0259001,2026-04-02T02:59:14.000Z,58.0913,-137.4693,10.0,ML,2.62,"180 km W of Juneau, AK/180 km O de Juneau, AK"
20260402.0332001,2026-04-02T03:32:28.000Z,57.9955,-137.6118,10.0,ML,2.6,"191 km W of Juneau, AK/191 km O de Juneau, AK"
20260402.0444001,2026-04-02T04:44:41.000Z,54.3376,-118.4207,1.0,MLy,2.17,"Suspected industry-related event, 68 km NE of Grande Cache, AB/Événement lié à l'industrie soupconné, 68 km NE de Grande Cache, AB"
20260402.0550001,2026-04-02T05:50:04.000Z,60.4198,-139.5599,5.0,ML,3.09,"118 km WSW of Haines Junction, YT/118 km OSO de Haines Junction, YT"
20260402.0633001,2026-04-02T06:33:00.000Z,52.7116,-132.2408,18.45,ML,2.39,"61 km S of Daajing Giids, BC/61 km S de Daajing Giids, BC"
20260402.0740001,2026-04-02T07:40:11.000Z,60.543,-139.9777,5.0,ML,2.08,"136 km W of Haines Junction, YT/136 km O de Haines Junction, YT"
20260402.0833002,2026-04-02T08:33:51.000Z,54.7835,-118.7249,3.74,MLy,2.73,"Suspected industry-related event, 43 km S of Grande Prairie, AB/Événement lié à l'industrie soupconné, 43 km S de Grande Prairie, AB"
20260402.0908001,2026-04-02T09:08:48.000Z,60.3218,-141.2627,25.68,ML,1.91,"211 km WSW of Haines Junction, YT/211 km OSO de Haines Junction, YT"
20260402.1209001,2026-04-02T12:09:02.000Z,51.3562,-131.1544,10.0,Mw',3.12,"265 km WNW of Port Hardy, BC/265 km ONO de Port Hardy, BC"
20260402.1600001,2026-04-02T16:00:17.000Z,45.6437,-66.0575,0.0,MwN,1.36,"Blast, 1 km E of Wickham, NB/Dynamitage, 1 km E de Wickham, NB"
20260402.1738001,2026-04-02T17:38:24.000Z,45.066,-71.8189,0.0,MwN,1.65,"Blast, 8 km S of Coaticook, QC/Dynamitage, 8 km S de Coaticook, QC"
20260402.2215001,2026-04-02T22:15:49.000Z,49.6096,-66.198,18.0,MwN,1.05,"57 km NNE of Sainte-Anne-des-Monts, QC/57 km NNE de Sainte-Anne-des-Monts, QC"
20260402.2328001,2026-04-02T23:28:22.000Z,49.1139,-122.1751,0.0,ML,1.86,"Blast, 13 km ENE of Abbotsford, BC/Dynamitage, 13 km ENE de Abbotsford, BC"
20260403.0038001,2026-04-03T00:38:48.000Z,50.8826,-127.1679,10.0,ML1,1.66,"29 km NE of Port Hardy, BC/29 km NE de Port Hardy, BC"
20260403.0111001,2026-04-03T01:11:50.000Z,66.4382,-135.6882,10.0,ML,2.51,"116 km SSW of Fort McPherson, NT/116 km SSO de Fort McPherson, NT"
20260403.0119001,2026-04-03T01:19:15.000Z,41.7755,-81.0712,5.0,MwN,1.55,"62 km ENE of Cleveland, OH/62 km ENE de Cleveland, OH"
20260403.0152001,2026-04-03T01:52:27.000Z,60.5493,-139.8151,5.0,ML,2.17,"128 km W of Haines Junction, YT/128 km O de Haines Junction, YT"
20260403.0341001,2026-04-03T03:41:23.000Z,53.8867,-131.6127,22.06,ML,2.29,"38 km ESE of Masset, BC/38 km ESE de Masset, BC"
20260403.0412001,2026-04-03T04:12:48.000Z,60.5191,-140.0286,5.0,ML,3.04,"140 km W of Haines Junction, YT/140 km O de Haines Junction, YT"
20260403.0548001,2026-04-03T05:48:36.000Z,41.7576,-81.0309,5.0,MwN,1.91,"64 km ENE of Cleveland, OH/64 km ENE de Cleveland, OH"
20260403.0757001,2026-04-03T07:57:03.000Z,45.927,-74.8204,17.21,MwN,1.62,"14 km SSW of Amherst, QC/14 km SSO de Amherst, QC"
20260403.0811001,2026-04-03T08:11:06.000Z,67.5386,-142.3329,10.0,ML,2.47,"106 km W of Old Crow, YT/106 km O de Old Crow, YT"
20260403.0853001,2026-04-03T08:53:08.000Z,58.0453,-137.5192,10.0,ML,2.47,"184 km W of Juneau, AK/184 km O de Juneau, AK"
20260403.1107001,2026-04-03T11:07:53.000Z,48.5811,-123.0873,9.78,ML,1.34,"27 km NE of Victoria, BC/27 km NE de Victoria, BC"
20260403.1211001,2026-04-03T12:11:11.000Z,68.1453,-136.8773,5.0,ML,2.62,"78 km W of Aklavik, NT/78 km O de Aklavik, NT"
20260403.1636001,2026-04-03T16:36:17.000Z,49.2797,-67.4402,18.0,MwN,0.36,"48 km N of Matane, QC/48 km N de Matane, QC"
20260403.1641002,2026-04-03T16:41:11.000Z,53.8884,-131.6443,23.63,ML,2.4,"36 km ESE of Masset, BC/36 km ESE de Masset, BC"
20260403.1825001,2026-04-03T18:25:51.000Z,53.886,-131.6007,24.22,ML,2.45,"38 km ESE of Masset, BC/38 km ESE de Masset, BC"
20260403.1935001,2026-04-03T19:35:08.000Z,60.0,-141.7535,10.0,ML,2.15,"248 km WSW of Haines Junction, YT/248 km OSO de Haines Junction, YT"
20260403.2315001,2026-04-03T23:15:19.000Z,53.9047,-131.6235,26.47,ML,2.32,"36 km ESE of Masset, BC/36 km ESE de Masset, BC"
20260403.2333002,2026-04-03T23:33:40.000Z,53.9298,-113.3839,1.0,MLy,3.25,"Industry-related event, 11 km WNW of Sturgeon County, AB/Événement lié à l'industrie, 11 km ONO de Sturgeon County, AB"
20260404.0033001,2026-04-04T00:33:52.000Z,46.7547,-82.1543,2.0,MwN,2.04,"46 km W of Cartier, ON/46 km O de Cartier, ON"
20260404.0035001,2026-04-04T00:35:19.000Z,46.7295,-82.1443,2.0,MwN,1.56,"45 km W of Cartier, ON/45 km O de Cartier, ON"
20260404.0125001,2026-04-04T01:25:52.000Z,53.9395,-113.4224,1.0,MLy,2.49,"Suspected industry-related event, 13 km WNW of Sturgeon County, AB/Événement lié à l'industrie soupconné, 13 km ONO de Sturgeon County, AB"
20260404.0717001,2026-04-04T07:17:27.000Z,58.4589,-136.975,1.0,ML,2.6,"150 km W of Juneau, AK/150 km O de Juneau, AK"
20260404.1357001,2026-04-04T13:57:02.000Z,49.0267,-123.1301,21.13,ML,2.76,"15 km S of Richmond, BC, felt/15 km S de Richmond, BC, ressenti"
20260404.1359001,2026-04-04T13:59:51.000Z,46.7629,-82.1422,2.0,MwN,2.1,"45 km W of Cartier, ON/45 km O de Cartier, ON"
20260404.2029001,2026-04-04T20:29:42.000Z,49.4274,-129.4212,10.0,Mw',2.69,"199 km SW of Port Hardy, BC/199 km SO de Port Hardy, BC"
20260404.2101001,2026-04-04T21:01:52.000Z,54.696,-118.9429,0.53,MLy,2.36,"Suspected industry-related event, 54 km S of Grande Prairie, AB/Événement lié à l'industrie soupconné, 54 km S de Grande Prairie, AB"
20260405.0424001,2026-04-05T04:24:33.000Z,47.3851,-70.2165,13.16,MwN,0.07,"14 km W of La Pocatière, QC/14 km O de La Pocatière, QC"
20260405.0513001,2026-04-05T05:13:49.000Z,62.1972,-124.5797,5.0,ML,3.49,"172 km WNW of Fort Simpson, NT/172 km ONO de Fort Simpson, NT"
20260405.0703001,2026-04-05T07:03:59.000Z,65.18,-134.5066,5.0,ML,3.23,"189 km NNE of Mayo, YT/189 km NNE de Mayo, YT"
20260405.0729001,2026-04-05T07:29:44.000Z,46.3992,-66.2501,5.0,MwN,1.29,"21 km SSW of Doaktown, NB/21 km SSO de Doaktown, NB"
20260405.0920001,2026-04-05T09:20:03.000Z,47.7223,-69.8134,9.17,MwN,0.73,"14 km WNW of Saint-Alexandre-de-Kamouraska, QC/14 km ONO de Saint-Alexandre-de-Kamouraska, QC"
20260405.2221001,2026-04-05T22:21:48.000Z,43.4671,-76.9044,5.0,MwN,1.86,"67 km ENE of Rochester, NY/67 km ENE de Rochester, NY"
20260405.2227001,2026-04-05T22:27:03.000Z,54.654,-129.2843,5.0,ML,2.69,"47 km WNW of Terrace, BC/47 km ONO de Terrace, BC"
20260406.0056001,2026-04-06T00:56:27.000Z,53.1515,-124.8916,1.0,ML,2.14,"Suspected blast, 27 km WNW of Kluskus 1, BC/Dynamitage soupconné, 27 km ONO de Kluskus 1, BC"
20260406.0245001,2026-04-06T02:45:46.000Z,47.654,-70.1298,9.08,MwN,1.37,"2 km ENE of La Malbaie, QC/2 km ENE de La Malbaie, QC"
20260406.0434001,2026-04-06T04:34:42.000Z,47.2697,-70.28,14.12,MwN,1.0,"6 km N of Saint-Jean-Port-Joli, QC/6 km N de Saint-Jean-Port-Joli, QC"
20260406.0520001,2026-04-06T05:20:20.000Z,50.3114,-130.2285,10.0,Mw',3.05,"198 km WSW of Port Hardy, BC/198 km OSO de Port Hardy, BC"
20260406.0526001,2026-04-06T05:26:46.000Z,48.1326,-80.0786,1.62,MwN,1.06,"Mining event, 4 km WSW of Kirkland Lake, ON/Événement minier, 4 km OSO de Kirkland Lake, ON"
20260406.0527001,2026-04-06T05:27:12.000Z,48.1326,-80.0786,1.62,MwN,1.92,"Mining event, 4 km WSW of Kirkland Lake, ON/Événement minier, 4 km OSO de Kirkland Lake, ON"
20260406.0603001,2026-04-06T06:03:47.000Z,52.4881,-131.8407,28.16,ML,2.48,"87 km S of Daajing Giids, BC/87 km S de Daajing Giids, BC"
20260406.0800001,2026-04-06T08:00:31.000Z,50.2935,-130.2266,10.0,Mw',2.94,"199 km WSW of Port Hardy, BC/199 km OSO de Port Hardy, BC"
20260406.0809001,2026-04-06T08:09:48.000Z,60.524,-139.7758,5.0,ML,2.24,"126 km W of Haines Junction, YT/126 km O de Haines Junction, YT"
20260406.0814001,2026-04-06T08:14:22.000Z,49.8545,-127.2965,9.98,ML,1.45,"20 km SSE of Houpsitas 6, BC/20 km SSE de Houpsitas 6, BC"
20260406.1004001,2026-04-06T10:04:18.000Z,60.5963,-139.7578,5.0,ML,2.25,"94 km SSW of Burwash Landing, YT/94 km SSO de Burwash Landing, YT"
20260406.1424001,2026-04-06T14:24:29.000Z,50.3349,-128.348,26.8,ML,1.54,"43 km SW of Holberg, BC/43 km SO de Holberg, BC"
20260406.1639001,2026-04-06T16:39:31.000Z,53.9058,-131.6539,27.0,ML1,1.73,"34 km ESE of Masset, BC/34 km ESE de Masset, BC"
20260406.2143001,2026-04-06T21:43:00.000Z,60.5686,-139.829,5.0,ML,2.22,"128 km W of Haines Junction, YT/128 km O de Haines Junction, YT"
20260407.0207001,2026-04-07T02:07:43.000Z,54.947,-121.0911,0.0,ML,3.21,"Blast, 11 km WSW of Trend Mine, BC/Dynamitage, 11 km OSO de la mine Trend, BC"
20260407.0641001,2026-04-07T06:41:58.000Z,52.5631,-132.7994,10.0,ML,2.27,"91 km SSW of Daajing Giids, BC/91 km SSO de Daajing Giids, BC"
20260407.0744001,2026-04-07T07:44:01.000Z,54.5174,-118.5366,5.0,MLy,3.34,"Suspected industry-related event, 75 km SSE of Grande Prairie, AB/Événement lié à l'industrie soupconné, 75 km SSE de Grande Prairie, AB"
20260407.0823001,2026-04-07T08:23:43.000Z,54.0873,-133.7245,10.0,M,2.03,"103 km W of Masset, BC/103 km O de Masset, BC"
20260407.0904001,2026-04-07T09:04:44.000Z,54.546,-118.5777,3.24,MLy,2.35,"Suspected industry-related event, 71 km SSE of Grande Prairie, AB/Événement lié à l'industrie soupconné, 71 km SSE de Grande Prairie, AB"
20260407.0944001,2026-04-07T09:44:31.000Z,47.8166,-69.9709,2.0,MwN,1.07,"7 km WSW of Saint-Siméon, QC/7 km OSO de Saint-Siméon, QC"
20260407.1202001,2026-04-07T12:02:08.000Z,54.7764,-118.6917,4.74,MLy,2.47,"Suspected industry-related event, 44 km S of Grande Prairie, AB/Événement lié à l'industrie soupconné, 44 km S de Grande Prairie, AB"
20260407.1315001,2026-04-07T13:15:30.000Z,45.5812,-74.4458,9.63,MwN,1.03,"12 km SW of Lachute, QC/12 km SO de Lachute, QC"
20260407.1712001,2026-04-07T17:12:05.000Z,56.0259,-120.803,3.48,MLy,2.46,"Suspected industry-related event, 16 km SSW of Taylor, BC/Événement lié à l'industrie soupconné, 16 km SSO de Taylor, BC"
20260407.1941001,2026-04-07T19:41:01.000Z,47.4181,-70.4187,5.98,MwN,0.55,"7 km ESE of Baie-Saint-Paul, QC/7 km ESE de Baie-Saint-Paul, QC"
20260407.1955001,2026-04-07T19:55:53.000Z,60.5884,-139.9513,1.0,ML,2.97,"100 km SSW of Burwash Landing, YT/100 km SSO de Burwash Landing, YT"
20260407.2240001,2026-04-07T22:40:21.000Z,48.6681,-128.6218,10.0,Mw',2.95,"243 km SSW of Port Hardy, BC/243 km SSO de Port Hardy, BC"
20260407.2316001,2026-04-07T23:16:39.000Z,54.8236,-120.9735,0.0,ML,2.53,"Blast, 19 km S of Trend Mine, BC/Dynamitage, 19 km S de la mine Trend, BC"
20260407.2347001,2026-04-07T23:47:32.000Z,50.6552,-130.4636,10.0,Mw',2.88,"209 km W of Port Hardy, BC/209 km O de Port Hardy, BC"
20260408.0127001,2026-04-08T01:27:02.000Z,54.2794,-117.7386,1.0,MLy,2.22,"Suspected industry-related event, 62 km WSW of Fox Creek, AB/Événement lié à l'industrie soupconné, 62 km OSO de Fox Creek, AB"
20260408.0826001,2026-04-08T08:26:14.000Z,52.7239,-132.3395,7.76,ML,1.83,"61 km SSW of Daajing Giids, BC/61 km SSO de Daajing Giids, BC"
20260408.1102001,2026-04-08T11:02:14.000Z,50.6021,-130.4742,10.0,Mw',3.34,"210 km W of Port Hardy, BC/210 km O de Port Hardy, BC"
20260408.1119002,2026-04-08T11:19:52.000Z,59.6845,-136.144,4.38,ML,3.97,"127 km SSW of Whitehorse, YT/127 km SSO de Whitehorse, YT"
20260408.1647001,2026-04-08T16:47:16.000Z,52.5617,-132.0278,22.76,ML,2.58,"77 km S of Daajing Giids, BC/77 km S de Daajing Giids, BC"
20260408.1657001,2026-04-08T16:57:25.000Z,52.4679,-127.0994,5.0,ML,1.54,"27 km WNW of Bella Coola 1, BC/27 km ONO de Bella Coola 1, BC"
20260408.1730001,2026-04-08T17:30:03.000Z,43.9752,-77.8812,0.0,MwN,1.28,"Blast, 3 km S of Colborne, ON, felt/Dynamitage, 3 km S de Colborne, ON, ressenti"
20260408.1735001,2026-04-08T17:35:12.000Z,43.9837,-77.8787,0.0,MwN,1.23,"Blast, 3 km SSE of Colborne, ON, felt/Dynamitage, 3 km SSE de Colborne, ON, ressenti"
20260408.1741001,2026-04-08T17:41:46.000Z,44.9413,-74.3988,5.45,MwN,1.75,"10 km SE of Dundee, QC/10 km SE de Dundee, QC"
20260408.2305001,2026-04-08T23:05:52.000Z,44.7873,-78.886,5.0,MwN,1.07,"23 km N of Kawartha Lakes, ON/23 km N de Kawartha Lakes, ON"
20260408.2317001,2026-04-08T23:17:34.000Z,41.7798,-81.0665,5.0,MwN,1.94,"63 km ENE of Cleveland, OH/63 km ENE de Cleveland, OH"
20260408.2336001,2026-04-08T23:36:06.000Z,47.4765,-70.0037,9.9,MwN,1.33,"12 km N of La Pocatière, QC/12 km N de La Pocatière, QC"
20260409.0147001,2026-04-09T01:47:50.000Z,61.0288,-140.188,5.0,ML,2.33,"74 km WSW of Burwash Landing, YT/74 km OSO de Burwash Landing, YT"
20260409.0239001,2026-04-09T02:39:42.000Z,61.0192,-140.18,5.0,ML,2.14,"74 km WSW of Burwash Landing, YT/74 km OSO de Burwash Landing, YT"
20260409.0248001,2026-04-09T02:48:57.000Z,53.1513,-132.7944,15.55,ML,1.52,"49 km WSW of Daajing Giids, BC/49 km OSO de Daajing Giids, BC"
20260409.0300003,2026-04-09T03:00:45.000Z,53.9367,-113.4079,1.0,MLy,3.79,"Industry-related event, 12 km WNW of Sturgeon County, AB, felt/Événement lié à l'industrie, 12 km ONO de Sturgeon County, AB, ressenti"
20260409.0520001,2026-04-09T05:20:16.000Z,50.7078,-130.5435,10.0,Mw',2.78,"214 km W of Port Hardy, BC/214 km O de Port Hardy, BC"
20260409.0654001,2026-04-09T06:54:27.000Z,52.6151,-132.2002,12.12,ML,1.91,"71 km S of Daajing Giids, BC/71 km S de Daajing Giids, BC"
20260409.0742001,2026-04-09T07:42:20.000Z,59.6942,-136.1927,5.0,ML,2.53,"127 km SSW of Whitehorse, YT/127 km SSO de Whitehorse, YT"
20260409.1118001,2026-04-09T11:18:03.000Z,48.3627,-124.732,21.72,ML,1.86,"31 km SW of Port Renfrew, BC/31 km SO de Port Renfrew, BC"
20260409.1304001,2026-04-09T13:04:38.000Z,52.4785,-131.9399,18.11,ML,1.68,"87 km S of Daajing Giids, BC/87 km S de Daajing Giids, BC"
20260409.1411001,2026-04-09T14:11:29.000Z,53.0447,-132.7234,14.75,ML,2.92,"49 km WSW of Daajing Giids, BC/49 km OSO de Daajing Giids, BC"
20260409.1413001,2026-04-09T14:13:54.000Z,49.6117,-66.2031,14.93,MwN,2.26,"57 km NNE of Sainte-Anne-des-Monts, QC/57 km NNE de Sainte-Anne-des-Monts, QC"
20260409.1528001,2026-04-09T15:28:52.000Z,60.5387,-139.8488,5.0,ML,2.4,"130 km W of Haines Junction, YT/130 km O de Haines Junction, YT"
20260409.1544001,2026-04-09T15:44:21.000Z,60.5985,-139.9829,5.0,ML,2.95,"100 km SSW of Burwash Landing, YT/100 km SSO de Burwash Landing, YT"
20260409.1623001,2026-04-09T16:23:59.000Z,48.7895,-64.4924,0.0,MwN,1.32,"Blast, 24 km SSW of Rivière-au-Renard, QC/Dynamitage, 24 km SSO de Rivière-au-Renard, QC"
20260409.1649001,2026-04-09T16:49:07.000Z,47.508,-70.5643,0.0,MwN,1.22,"Blast, 8 km NW of Baie-Saint-Paul, QC/Dynamitage, 8 km NO de Baie-Saint-Paul, QC"
20260409.2046001,2026-04-09T20:46:21.000Z,67.1004,-135.9121,10.0,ML,2.91,"58 km SW of Fort McPherson, NT/58 km SO de Fort McPherson, NT"
20260409.2301001,2026-04-09T23:01:14.000Z,49.6717,-127.7351,13.52,ML,1.55,"47 km SSW of Houpsitas 6, BC/47 km SSO de Houpsitas 6, BC"
20260410.0517001,2026-04-10T05:17:51.000Z,52.4819,-127.1301,5.0,ML,1.84,"30 km WNW of Bella Coola 1, BC/30 km ONO de Bella Coola 1, BC"
20260410.0545001,2026-04-10T05:45:20.000Z,60.2274,-141.24,6.82,ML,2.34,"212 km WSW of Haines Junction, YT/212 km OSO de Haines Junction, YT"
20260410.0703001,2026-04-10T07:03:01.000Z,72.3846,-75.7657,18.0,MwN,1.44,"81 km ESE of Pond Inlet, NU/81 km ESE de Pond Inlet, NU"
20260410.0939001,2026-04-10T09:39:02.000Z,48.1913,-66.13,5.0,MwN,1.5,"10 km N of Carleton, QC/10 km N de Carleton, QC"
20260410.0946001,2026-04-10T09:46:10.000Z,58.6848,-139.5858,5.0,ML,2.51,"337 km SW of Whitehorse, YT/337 km SO de Whitehorse, YT"
20260410.1147001,2026-04-10T11:47:43.000Z,60.5191,-140.0369,5.0,ML,1.96,"140 km W of Haines Junction, YT/140 km O de Haines Junction, YT"
20260410.1643001,2026-04-10T16:43:17.000Z,57.915,-136.7055,5.0,ML,4.57,"141 km WSW of Juneau, AK/141 km OSO de Juneau, AK"
20260410.1744001,2026-04-10T17:44:30.000Z,54.3893,-117.2247,1.0,MLy,2.61,"Suspected industry-related event, 27 km W of Fox Creek, AB/Événement lié à l'industrie soupconné, 27 km O de Fox Creek, AB"
20260410.2026001,2026-04-10T20:26:58.000Z,54.3116,-118.4348,1.0,MLy,2.85,"Suspected industry-related event, 65 km NE of Grande Cache, AB/Événement lié à l'industrie soupconné, 65 km NE de Grande Cache, AB"
20260410.2044001,2026-04-10T20:44:11.000Z,54.2993,-118.469,1.0,MLy,2.87,"Suspected industry-related event, 62 km NE of Grande Cache, AB/Événement lié à l'industrie soupconné, 62 km NE de Grande Cache, AB"
20260410.2155001,2026-04-10T21:55:05.000Z,50.5522,-127.8442,1.0,ML,1.64,"19 km WSW of Coal Harbour, BC/19 km OSO de Coal Harbour, BC"
20260410.2312001,2026-04-10T23:12:33.000Z,50.5834,-130.2567,10.0,Mw',3.1,"195 km W of Port Hardy, BC/195 km O de Port Hardy, BC"
20260411.0201001,2026-04-11T02:01:12.000Z,48.6102,-82.6768,18.0,MwN,1.15,"44 km NNW of Foleyet, ON/44 km NNO de Foleyet, ON"
20260411.0400001,2026-04-11T04:00:23.000Z,50.8118,-95.5623,2.0,MwN,0.88,"25 km SSE of Bissett, MB/25 km SSE de Bissett, MB"
20260411.0454001,2026-04-11T04:54:13.000Z,47.4065,-70.0747,21.4,MwN,0.41,"5 km NW of La Pocatière, QC/5 km NO de La Pocatière, QC"
20260411.0608001,2026-04-11T06:08:23.000Z,48.2767,-124.6292,33.97,ML,1.56,"34 km SSW of Port Renfrew, BC/34 km SSO de Port Renfrew, BC"
20260411.0623001,2026-04-11T06:23:54.000Z,59.7009,-136.2417,10.0,ML1,1.39,"128 km SSW of Whitehorse, YT/128 km SSO de Whitehorse, YT"
20260411.0713001,2026-04-11T07:13:56.000Z,46.3068,-64.8569,8.61,MwN,1.7,"3 km N of Dundas, NB/3 km N de Dundas, NB"
20260411.0755001,2026-04-11T07:55:25.000Z,46.3918,-65.7936,5.0,MwN,0.74,"25 km NNE of Chipman, NB/25 km NNE de Chipman, NB"
20260411.0843001,2026-04-11T08:43:18.000Z,60.506,-139.9472,5.0,ML,2.69,"136 km W of Haines Junction, YT/136 km O de Haines Junction, YT"
20260411.0846001,2026-04-11T08:46:12.000Z,60.8871,-138.1112,5.0,ML,2.21,"36 km WNW of Haines Junction, YT/36 km ONO de Haines Junction, YT"
20260411.0922001,2026-04-11T09:22:05.000Z,46.7766,-82.1507,2.0,MwN,1.3,"46 km W of Cartier, ON/46 km O de Cartier, ON"
20260411.1004001,2026-04-11T10:04:58.000Z,49.7253,-67.8692,5.0,MwN,1.06,"66 km NNE of Hauterive, QC/66 km NNE de Hauterive, QC"
20260411.1257001,2026-04-11T12:57:43.000Z,54.3143,-117.7824,1.0,MLy,1.98,"Suspected industry-related event, 64 km W of Fox Creek, AB/Événement lié à l'industrie soupconné, 64 km O de Fox Creek, AB"
20260411.1417001,2026-04-11T14:17:03.000Z,50.8158,-63.6653,2.0,MwN,1.1,"Suspected industry-related event, 34 km NNW of Lac Tio Mine, QC/Événement lié à l'industrie soupconné, 34 km NNO de la mine Lac Tio, QC"
20260411.1649001,2026-04-11T16:49:01.000Z,59.2261,-137.761,5.0,ML,2.3,"221 km SW of Whitehorse, YT/221 km SO de Whitehorse, YT"
20260411.1921001,2026-04-11T19:21:42.000Z,60.4706,-139.6579,5.0,ML,2.59,"121 km WSW of Haines Junction, YT/121 km OSO de Haines Junction, YT"
20260411.2110001,2026-04-11T21:10:44.000Z,46.5472,-66.6167,5.0,MwN,1.4,"38 km W of Doaktown, NB/38 km O de Doaktown, NB"
20260411.2143001,2026-04-11T21:43:59.000Z,59.936,-137.9982,5.0,ML,2.25,"95 km SSW of Haines Junction, YT/95 km SSO de Haines Junction, YT"
20260412.0207001,2026-04-12T02:07:09.000Z,49.5759,-66.4534,18.0,MwN,0.8,"49 km N of Sainte-Anne-des-Monts, QC/49 km N de Sainte-Anne-des-Monts, QC"
20260412.0430001,2026-04-12T04:30:19.000Z,60.4647,-139.6333,5.0,ML,2.56,"120 km WSW of Haines Junction, YT/120 km OSO de Haines Junction, YT"
20260412.0652001,2026-04-12T06:52:37.000Z,60.4949,-139.9423,5.0,ML,4.16,"136 km W of Haines Junction, YT/136 km O de Haines Junction, YT"
20260412.0718001,2026-04-12T07:18:21.000Z,60.5007,-139.9606,5.0,ML,3.22,"137 km W of Haines Junction, YT/137 km O de Haines Junction, YT"
20260412.1005001,2026-04-12T10:05:06.000Z,60.4979,-139.973,5.0,ML,2.83,"137 km W of Haines Junction, YT/137 km O de Haines Junction, YT"
20260412.1113001,2026-04-12T11:13:36.000Z,52.1472,-132.1298,22.4,ML,2.38,"123 km S of Daajing Giids, BC/123 km S de Daajing Giids, BC"
20260412.1138001,2026-04-12T11:38:24.000Z,47.4094,-70.0746,15.25,MwN,0.63,"5 km NW of La Pocatière, QC/5 km NO de La Pocatière, QC"
20260412.1325001,2026-04-12T13:25:24.000Z,50.4615,-130.2005,10.0,Mw',3.43,"193 km W of Port Hardy, BC/193 km O de Port Hardy, BC"
20260412.1604001,2026-04-12T16:04:57.000Z,47.1331,-129.1039,10.0,Mw',3.85,"416 km SW of Courtenay, BC/416 km SO de Courtenay, BC"
20260412.1623001,2026-04-12T16:23:17.000Z,49.349,-122.3158,1.03,ML,1.46,"12 km NNW of McConnell Creek, BC/12 km NNO de McConnell Creek, BC"
20260412.1808001,2026-04-12T18:08:32.000Z,59.4267,-135.959,5.0,ML,2.05,"149 km SSW of Whitehorse, YT/149 km SSO de Whitehorse, YT"
20260412.1811001,2026-04-12T18:11:53.000Z,43.5098,-78.3752,5.0,MwN,1.41,"58 km SE of Oshawa, ON/58 km SE de Oshawa, ON"
20260413.0117001,2026-04-13T01:17:42.000Z,60.472,-140.0,5.0,ML,1.98,"139 km WSW of Haines Junction, YT/139 km OSO de Haines Junction, YT"
20260413.0314001,2026-04-13T03:14:06.000Z,60.5546,-140.0205,5.0,ML,2.47,"139 km W of Haines Junction, YT/139 km O de Haines Junction, YT"
20260413.0451001,2026-04-13T04:51:07.000Z,54.3113,-117.6974,1.0,MLy,2.28,"Suspected industry-related event, 58 km W of Fox Creek, AB/Événement lié à l'industrie soupconné, 58 km O de Fox Creek, AB"
20260413.0453001,2026-04-13T04:53:50.000Z,60.5901,-140.0296,5.0,ML,3.08,"138 km W of Haines Junction, YT/138 km O de Haines Junction, YT"
20260413.0703001,2026-04-13T07:03:02.000Z,60.5888,-140.1345,5.0,ML,2.17,"105 km SW of Burwash Landing, YT/105 km SO de Burwash Landing, YT"
20260413.0730001,2026-04-13T07:30:13.000Z,56.3339,-121.5814,1.0,MLy,2.07,"Suspected industry-related event, 23 km SE of Halfway River 168, BC/Événement lié à l'industrie soupconné, 23 km SE de Halfway River 168, BC"
20260413.0824001,2026-04-13T08:24:06.000Z,59.7285,-141.8079,5.0,ML,3.26,"263 km WSW of Haines Junction, YT/263 km OSO de Haines Junction, YT"
20260413.1226001,2026-04-13T12:26:16.000Z,59.6941,-136.2091,5.0,ML,1.9,"128 km SSW of Whitehorse, YT/128 km SSO de Whitehorse, YT"
20260413.1341001,2026-04-13T13:41:30.000Z,59.8202,-136.7319,5.0,ML,2.19,"133 km SW of Whitehorse, YT/133 km SO de Whitehorse, YT"
20260413.1616001,2026-04-13T16:16:28.000Z,59.7531,-141.6278,5.0,ML,2.86,"253 km WSW of Haines Junction, YT/253 km OSO de Haines Junction, YT"
20260413.1722001,2026-04-13T17:22:45.000Z,60.4366,-139.664,5.0,ML,2.28,"123 km WSW of Haines Junction, YT/123 km OSO de Haines Junction, YT"
20260413.1723001,2026-04-13T17:23:48.000Z,60.5999,-140.039,5.0,ML,2.4,"139 km W of Haines Junction, YT/139 km O de Haines Junction, YT"
20260413.2311001,2026-04-13T23:11:33.000Z,49.1002,-122.0148,0.0,ML,1.51,"Blast, 8 km SW of Chilliwack, BC/Dynamitage, 8 km SO de Chilliwack, BC"
20260414.0211001,2026-04-14T02:11:14.000Z,47.5102,-70.0834,11.02,MwN,1.77,"16 km SSE of La Malbaie, QC/16 km SSE de La Malbaie, QC"
20260414.0259001,2026-04-14T02:59:42.000Z,48.2517,-78.4518,3.08,MwN,2.8,"Mining event, LaRonde - Zone 5 Mine, QC/Événement minier, Mine LaRonde - Zone 5, QC"
20260414.0534001,2026-04-14T05:34:19.000Z,51.0911,-124.4398,0.55,ML,1.85,"55 km SW of Lohbiee 3, BC/55 km SO de Lohbiee 3, BC"
20260414.0616001,2026-04-14T06:16:35.000Z,59.834,-136.6669,2.19,ML,2.28,"130 km SW of Whitehorse, YT/130 km SO de Whitehorse, YT"
20260414.0620001,2026-04-14T06:20:16.000Z,56.9853,-122.268,3.16,MLy,2.25,"Suspected industry-related event, 74 km W of Prespatou, BC/Événement lié à l'industrie soupconné, 74 km O de Prespatou, BC"
20260414.0722001,2026-04-14T07:22:17.000Z,49.3891,-90.5739,2.0,MwN,1.22,"78 km E of Ignace, ON/78 km E de Ignace, ON"
20260414.1018001,2026-04-14T10:18:08.000Z,52.8304,-132.5066,17.71,ML,1.96,"55 km SSW of Daajing Giids, BC/55 km SSO de Daajing Giids, BC"
20260414.1257001,2026-04-14T12:57:24.000Z,61.5095,-140.5182,0.98,ML,2.72,"83 km WNW of Burwash Landing, YT/83 km ONO de Burwash Landing, YT"
20260414.1503001,2026-04-14T15:03:08.000Z,49.4685,-127.0255,29.5,ML,1.56,"32 km WSW of Yuquot 1, BC/32 km OSO de Yuquot 1, BC"
20260414.1636003,2026-04-14T16:36:43.000Z,45.7545,-76.3528,13.17,Mw,3.94,"12 km SSE of Otter Lake, QC, felt/12 km SSE de Otter Lake, QC, ressenti"
20260414.1729001,2026-04-14T17:29:16.000Z,45.1669,-67.134,0.0,MwN,1.33,"Blast, 4 km SSW of Saint Croix, NB/Dynamitage, 4 km SSO de Saint Croix, NB"
20260414.2127001,2026-04-14T21:27:37.000Z,47.4408,-70.1908,7.71,MwN,0.45,"14 km WNW of La Pocatière, QC/14 km ONO de La Pocatière, QC"
20260414.2211002,2026-04-14T22:11:29.000Z,46.844,-70.8297,17.55,MwN,1.18,"8 km NW of Saint-Raphaël, QC/8 km NO de Saint-Raphaël, QC"
20260414.2306001,2026-04-14T23:06:18.000Z,64.996,-138.5933,5.0,ML,1.61,"112 km NNE of Dawson, YT/112 km NNE de Dawson, YT"
20260415.0816001,2026-04-15T08:16:12.000Z,54.3985,-118.395,5.0,MLy,1.94,"Suspected industry-related event, 90 km SSE of Grande Prairie, AB/Événement lié à l'industrie soupconné, 90 km SSE de Grande Prairie, AB"
20260415.1025001,2026-04-15T10:25:43.000Z,48.8591,-67.1399,7.07,MwN,0.94,"15 km ESE of Sainte-Félicité, QC/15 km ESE de Sainte-Félicité, QC"
20260415.1339001,2026-04-15T13:39:54.000Z,48.6667,-128.5598,10.0,Mw',2.72,"201 km WSW of Tofino, BC/201 km OSO de Tofino, BC"
20260415.1959001,2026-04-15T19:59:20.000Z,54.4684,-134.2227,10.0,ML,2.42,"144 km WNW of Masset, BC/144 km ONO de Masset, BC"
20260415.2054001,2026-04-15T20:54:49.000Z,52.9384,-132.6773,22.17,ML,2.04,"53 km SW of Daajing Giids, BC/53 km SO de Daajing Giids, BC"
20260415.2116001,2026-04-15T21:16:05.000Z,52.9355,-132.6056,20.33,ML,1.98,"50 km SW of Daajing Giids, BC/50 km SO de Daajing Giids, BC"
20260415.2119001,2026-04-15T21:19:04.000Z,54.3348,-118.4794,5.69,MLy,2.33,"Suspected industry-related event, 65 km NE of Grande Cache, AB/Événement lié à l'industrie soupconné, 65 km NE de Grande Cache, AB"
20260416.0356001,2026-04-16T03:56:45.000Z,53.8088,-133.526,10.0,ML,3.18,"93 km WSW of Masset, BC/93 km OSO de Masset, BC"
20260416.0412001,2026-04-16T04:12:19.000Z,50.5544,-129.969,10.0,Mw',3.8,"175 km W of Port Hardy, BC/175 km O de Port Hardy, BC"
20260416.0703001,2026-04-16T07:03:19.000Z,64.5856,-138.804,5.0,ML,2.37,"66 km NNE of Dawson, YT/66 km NNE de Dawson, YT"
20260416.0739001,2026-04-16T07:39:08.000Z,59.7411,-141.5496,5.0,ML,2.78,"250 km WSW of Haines Junction, YT/250 km OSO de Haines Junction, YT"
20260416.0757001,2026-04-16T07:57:31.000Z,60.0585,-140.2391,5.0,ML1,2.03,"169 km WSW of Haines Junction, YT/169 km OSO de Haines Junction, YT"
20260416.0809001,2026-04-16T08:09:01.000Z,50.4791,-130.2115,10.0,Mw,4.21,"193 km W of Port Hardy, BC/193 km O de Port Hardy, BC"
20260416.0814001,2026-04-16T08:14:28.000Z,50.4985,-130.171,10.0,Mw',3.39,"190 km W of Port Hardy, BC/190 km O de Port Hardy, BC"
20260416.0846001,2026-04-16T08:46:37.000Z,60.0627,-140.2057,5.0,ML,1.94,"167 km WSW of Haines Junction, YT/167 km OSO de Haines Junction, YT"
20260416.0908001,2026-04-16T09:08:55.000Z,60.3922,-139.5808,5.0,ML,2.13,"120 km WSW of Haines Junction, YT/120 km OSO de Haines Junction, YT"
20260416.1008001,2026-04-16T10:08:40.000Z,60.1741,-139.595,5.0,ML,2.13,"131 km WSW of Haines Junction, YT/131 km OSO de Haines Junction, YT"
20260416.1114001,2026-04-16T11:14:16.000Z,60.5094,-140.0364,5.0,ML,2.96,"140 km W of Haines Junction, YT/140 km O de Haines Junction, YT"
20260416.1126001,2026-04-16T11:26:41.000Z,60.516,-140.0433,5.0,ML,2.06,"141 km W of Haines Junction, YT/141 km O de Haines Junction, YT"
20260416.1217001,2026-04-16T12:17:16.000Z,53.9283,-113.3562,1.0,MLy,2.44,"Suspected industry-related event, 9 km WNW of Sturgeon County, AB/Événement lié à l'industrie soupconné, 9 km ONO de Sturgeon County, AB"
20260416.1402001,2026-04-16T14:02:15.000Z,56.7353,-121.8258,1.0,MLy,2.16,"Suspected industry-related event, 28 km N of Halfway River 168, BC/Événement lié à l'industrie soupconné, 28 km N de Halfway River 168, BC"
20260416.1415001,2026-04-16T14:15:15.000Z,60.4431,-139.6695,5.0,ML,2.1,"123 km WSW of Haines Junction, YT/123 km OSO de Haines Junction, YT"
20260416.1456001,2026-04-16T14:56:52.000Z,50.5559,-130.0068,10.0,Mw',3.35,"178 km W of Port Hardy, BC/178 km O de Port Hardy, BC"
20260416.1457001,2026-04-16T14:57:21.000Z,46.2741,-70.8021,0.0,MwN,1.36,"Blast, 7 km ESE of Saint-Joseph-de-Beauce, QC/Dynamitage, 7 km ESE de Saint-Joseph-de-Beauce, QC"
20260416.1533001,2026-04-16T15:33:25.000Z,44.6882,-79.4925,0.0,MwN,1.1,"Blast, 11 km NNW of Orillia, ON/Dynamitage, 11 km NNO de Orillia, ON"
20260416.1548001,2026-04-16T15:48:22.000Z,50.5558,-130.2984,10.0,Mw',3.67,"198 km W of Port Hardy, BC/198 km O de Port Hardy, BC"
20260416.1603001,2026-04-16T16:03:39.000Z,53.9332,-113.3936,1.0,MLy,2.73,"Suspected industry-related event, 11 km WNW of Sturgeon County, AB/Événement lié à l'industrie soupconné, 11 km ONO de Sturgeon County, AB"
20260416.1612001,2026-04-16T16:12:57.000Z,72.4032,-128.9769,30.0,ML,3.32,"135 km WNW of Sachs Harbour, NT/135 km ONO de Sachs Harbour, NT"
20260416.1937001,2026-04-16T19:37:49.000Z,53.3678,-117.3397,1.0,ML,3.33,"Suspected blast, 16 km ESE of Hinton, AB/Dynamitage soupconné, 16 km ESE de Hinton, AB"
20260416.2108001,2026-04-16T21:08:17.000Z,54.6166,-118.5662,1.0,MLy,2.72,"Suspected industry-related event, 63 km SSE of Grande Prairie, AB/Événement lié à l'industrie soupconné, 63 km SSE de Grande Prairie, AB"
20260416.2159001,2026-04-16T21:59:36.000Z,44.7696,-68.0432,5.0,MwN,1.14,"58 km E of Bangor, ME/58 km E de Bangor, ME"
20260417.0242001,2026-04-17T02:42:40.000Z,51.1965,-124.4376,5.0,ML,1.65,"34 km SW of Chilco Lake 1A, BC/34 km SO de Chilco Lake 1A, BC"
20260417.0255001,2026-04-17T02:55:01.000Z,47.6264,-69.8642,16.29,MwN,0.45,"11 km NNW of Saint-Pascal, QC/11 km NNO de Saint-Pascal, QC"
20260417.0331001,2026-04-17T03:31:18.000Z,60.5225,-139.7887,5.0,ML,2.25,"127 km W of Haines Junction, YT/127 km O de Haines Junction, YT"
20260417.0337001,2026-04-17T03:37:58.000Z,47.5684,-70.073,11.33,MwN,-0.02,"11 km SSE of La Malbaie, QC/11 km SSE de La Malbaie, QC"
20260417.0622001,2026-04-17T06:22:39.000Z,54.7976,-118.5986,1.0,MLy,1.95,"Suspected industry-related event, 43 km SSE of Grande Prairie, AB/Événement lié à l'industrie soupconné, 43 km SSE de Grande Prairie, AB"
20260417.0957001,2026-04-17T09:57:28.000Z,60.488,-139.8437,5.0,ML,3.14,"131 km WSW of Haines Junction, YT/131 km OSO de Haines Junction, YT"
20260417.1241001,2026-04-17T12:41:21.000Z,51.206,-131.1289,10.0,Mw',3.41,"260 km WNW of Port Hardy, BC/260 km ONO de Port Hardy, BC"
20260417.1243001,2026-04-17T12:43:14.000Z,51.2146,-131.1319,10.0,Mw',3.19,"260 km WNW of Port Hardy, BC/260 km ONO de Port Hardy, BC"
20260417.1328001,2026-04-17T13:28:43.000Z,50.5428,-130.2845,10.0,Mw',3.06,"198 km W of Port Hardy, BC/198 km O de Port Hardy, BC"
20260417.2026001,2026-04-17T20:26:02.000Z,43.2219,-79.5999,5.0,MwN,1.6,"5 km NNW of Grimsby, ON/5 km NNO de Grimsby, ON"
20260417.2204001,2026-04-17T22:04:31.000Z,57.9101,-136.7124,5.0,ML,4.03,"142 km WSW of Juneau, AK/142 km OSO de Juneau, AK"
20260417.2210001,2026-04-17T22:10:41.000Z,57.9421,-136.7018,5.0,ML,3.12,"140 km WSW of Juneau, AK/140 km OSO de Juneau, AK"
20260417.2212001,2026-04-17T22:12:47.000Z,49.5587,-126.9018,26.04,ML,0.98,"21 km WSW of Yuquot 1, BC/21 km OSO de Yuquot 1, BC"
20260417.2310001,2026-04-17T23:10:46.000Z,45.7592,-76.3604,11.42,MwN,1.77,"12 km SSE of Otter Lake, QC/12 km SSE de Otter Lake, QC"
20260418.0056001,2026-04-18T00:56:38.000Z,49.2452,-119.9478,1.0,ML,2.05,"10 km WNW of Keremeos, BC/10 km ONO de Keremeos, BC"
20260418.0057001,2026-04-18T00:57:53.000Z,49.2454,-119.9444,5.0,ML,2.43,"9 km WNW of Keremeos, BC/9 km ONO de Keremeos, BC"
20260418.0334002,2026-04-18T03:34:47.000Z,55.9716,-120.3,1.0,MLy,2.08,"13 km NW of Rolla, BC/13 km NO de Rolla, BC"
20260418.0417001,2026-04-18T04:17:39.000Z,53.288,-132.9899,15.49,ML,1.67,"60 km W of Daajing Giids, BC/60 km O de Daajing Giids, BC"
20260418.0631001,2026-04-18T06:31:16.000Z,54.8399,-118.7658,1.58,MLy,2.1,"Suspected industry-related event, 37 km S of Grande Prairie, AB/Événement lié à l'industrie soupconné, 37 km S de Grande Prairie, AB"
20260418.0847001,2026-04-18T08:47:17.000Z,60.5101,-139.8227,1.0,ML,2.84,"129 km W of Haines Junction, YT/129 km O de Haines Junction, YT"
20260418.1150001,2026-04-18T11:50:41.000Z,48.9169,-85.0664,2.0,MwN,1.5,"13 km NNW of Sugar Zone Mine, ON/13 km NNO de la mine Sugar Zone, ON"
20260418.1554001,2026-04-18T15:54:16.000Z,47.4552,-70.0535,14.91,MwN,0.65,"10 km N of La Pocatière, QC/10 km N de La Pocatière, QC"
20260418.1705001,2026-04-18T17:05:58.000Z,56.6719,-121.6288,5.03,MLy,2.32,"Suspected industry-related event, 26 km NNE of Halfway River 168, BC/Événement lié à l'industrie soupconné, 26 km NNE de Halfway River 168, BC"
20260418.1753001,2026-04-18T17:53:20.000Z,48.833,-85.0184,2.0,MwN,1.95,"3 km NNW of Sugar Zone Mine, ON/3 km NNO de la mine Sugar Zone, ON"
20260418.1838001,2026-04-18T18:38:24.000Z,59.6747,-136.1264,6.89,ML,2.68,"127 km SSW of Whitehorse, YT/127 km SSO de Whitehorse, YT"
20260418.2156004,2026-04-18T21:56:33.000Z,53.9389,-113.4074,1.69,MLy,4.15,"Industry-related event, 12 km WNW of Sturgeon County, AB, felt/Événement lié à l'industrie, 12 km ONO de Sturgeon County, AB, ressenti"
20260419.1057001,2026-04-19T10:57:56.000Z,49.273,-67.1726,17.24,MwN,1.24,"40 km WNW of Cap-Chat, QC/40 km ONO de Cap-Chat, QC"
20260419.1141001,2026-04-19T11:41:07.000Z,53.9284,-113.4097,1.0,MLy,2.77,"Suspected industry-related event, 12 km WNW of Sturgeon County, AB/Événement lié à l'industrie soupconné, 12 km ONO de Sturgeon County, AB"
20260419.1250001,2026-04-19T12:50:27.000Z,60.5281,-140.0194,1.0,ML,3.34,"139 km W of Haines Junction, YT/139 km O de Haines Junction, YT"
20260419.1315001,2026-04-19T13:15:41.000Z,44.6232,-57.1117,18.0,MwN,2.36,"294 km SE of Cape Breton, NS/294 km SE de Cape Breton, NS"
20260419.1341001,2026-04-19T13:41:08.000Z,60.524,-140.0461,1.0,ML,2.62,"141 km W of Haines Junction, YT/141 km O de Haines Junction, YT"
20260419.1521001,2026-04-19T15:21:16.000Z,51.4505,-130.8319,10.0,ML,2.23,"246 km WNW of Port Hardy, BC/246 km ONO de Port Hardy, BC"
20260419.1536001,2026-04-19T15:36:54.000Z,53.3325,-133.216,18.26,ML,3.62,"76 km W of Daajing Giids, BC/76 km O de Daajing Giids, BC"
20260419.1638001,2026-04-19T16:38:43.000Z,56.5941,-121.7505,1.0,MLy,2.06,"Suspected industry-related event, 14 km NNE of Halfway River 168, BC/Événement lié à l'industrie soupconné, 14 km NNE de Halfway River 168, BC"
20260419.1740001,2026-04-19T17:40:54.000Z,52.5832,-130.4399,10.0,ML,1.75,"118 km SE of Sandspit, BC/118 km SE de Sandspit, BC"
20260420.0334001,2026-04-20T03:34:09.000Z,60.5146,-139.9488,5.0,ML,1.97,"136 km W of Haines Junction, YT/136 km O de Haines Junction, YT"
20260420.0418001,2026-04-20T04:18:46.000Z,50.0629,-127.9649,10.0,ML,2.17,"53 km SW of Port Alice, BC/53 km SO de Port Alice, BC"
20260420.0446001,2026-04-20T04:46:25.000Z,53.7891,-132.15,1.0,ML,1.98,"12 km N of Port Clements, BC/12 km N de Port Clements, BC"
20260420.0733001,2026-04-20T07:33:27.000Z,60.5801,-139.9341,5.0,ML,2.14,"100 km SSW of Burwash Landing, YT/100 km SSO de Burwash Landing, YT"
20260420.0822001,2026-04-20T08:22:21.000Z,52.4485,-132.4548,27.27,ML1,1.68,"93 km SSW of Daajing Giids, BC/93 km SSO de Daajing Giids, BC"
20260420.0825001,2026-04-20T08:25:32.000Z,60.5471,-139.9783,5.0,ML,2.4,"136 km W of Haines Junction, YT/136 km O de Haines Junction, YT"
20260420.0827001,2026-04-20T08:27:53.000Z,60.5423,-139.9694,5.0,ML,2.94,"136 km W of Haines Junction, YT/136 km O de Haines Junction, YT"
20260420.1105001,2026-04-20T11:05:23.000Z,50.1999,-130.2462,10.0,Mw',3.14,"203 km WSW of Port Hardy, BC/203 km OSO de Port Hardy, BC"
20260420.1120001,2026-04-20T11:20:55.000Z,60.5054,-140.0263,5.0,ML,2.17,"140 km W of Haines Junction, YT/140 km O de Haines Junction, YT"
20260420.1240001,2026-04-20T12:40:59.000Z,54.6459,-118.6082,1.0,MLy,2.02,"Suspected industry-related event, 60 km SSE of Grande Prairie, AB/Événement lié à l'industrie soupconné, 60 km SSE de Grande Prairie, AB"
20260420.1246001,2026-04-20T12:46:06.000Z,52.0476,-131.4995,11.77,ML1,1.75,"140 km SSE of Daajing Giids, BC/140 km SSE de Daajing Giids, BC"
20260420.1344001,2026-04-20T13:44:23.000Z,54.6512,-118.6012,1.0,MLy,2.12,"Suspected industry-related event, 59 km SSE of Grande Prairie, AB/Événement lié à l'industrie soupconné, 59 km SSE de Grande Prairie, AB"
20260420.1409001,2026-04-20T14:09:26.000Z,60.5081,-139.7548,5.0,ML,2.28,"125 km WSW of Haines Junction, YT/125 km OSO de Haines Junction, YT"
20260420.1453001,2026-04-20T14:53:54.000Z,60.5471,-139.9599,5.0,ML,2.36,"135 km W of Haines Junction, YT/135 km O de Haines Junction, YT"
20260420.1543001,2026-04-20T15:43:55.000Z,48.823,-129.0565,10.0,Mw',3.62,"239 km SSW of Port Hardy, BC/239 km SSO de Port Hardy, BC"
20260420.1637001,2026-04-20T16:37:01.000Z,48.8217,-128.988,10.0,Mw',3.19,"237 km SSW of Port Hardy, BC/237 km SSO de Port Hardy, BC"
20260420.1659001,2026-04-20T16:59:01.000Z,48.7609,-128.9713,10.0,Mw',3.42,"243 km SSW of Port Hardy, BC/243 km SSO de Port Hardy, BC"
20260420.1959001,2026-04-20T19:59:01.000Z,52.3011,-131.7465,10.0,ML,2.1,"108 km SSE of Daajing Giids, BC/108 km SSE de Daajing Giids, BC"
20260420.2030001,2026-04-20T20:30:06.000Z,52.7192,-132.3147,13.4,ML,1.94,"61 km SSW of Daajing Giids, BC/61 km SSO de Daajing Giids, BC"
20260420.2108001,2026-04-20T21:08:13.000Z,48.7697,-128.913,10.0,Mw',2.96,"240 km SSW of Port Hardy, BC/240 km SSO de Port Hardy, BC"
20260421.0113001,2026-04-21T01:13:03.000Z,52.782,-132.3558,19.09,ML,2.08,"56 km SSW of Daajing Giids, BC/56 km SSO de Daajing Giids, BC"
20260421.0205001,2026-04-21T02:05:27.000Z,44.7098,-79.5945,5.0,MwN,0.9,"18 km NW of Orillia, ON/18 km NO de Orillia, ON"
20260421.0248001,2026-04-21T02:48:34.000Z,45.8623,-74.8454,12.33,MwN,2.15,"8 km ESE of Namur, QC, felt/8 km ESE de Namur, QC, ressenti"
20260421.0539001,2026-04-21T05:39:22.000Z,65.5363,-134.7297,5.0,ML,2.42,"211 km S of Fort McPherson, NT/211 km S de Fort McPherson, NT"
20260421.1827001,2026-04-21T18:27:04.000Z,48.5176,-124.9331,29.28,ML,1.47,"38 km SSE of Bamfield, BC/38 km SSE de Bamfield, BC"
20260421.2015002,2026-04-21T20:15:22.000Z,50.9614,-130.8078,10.0,Mw',4.19,"234 km W of Port Hardy, BC/234 km O de Port Hardy, BC"
20260421.2040001,2026-04-21T20:40:08.000Z,48.8778,-128.7028,10.0,Mw',3.65,"206 km W of Tofino, BC/206 km O de Tofino, BC"
20260421.2217001,2026-04-21T22:17:36.000Z,54.9496,-121.0916,0.0,ML,3.06,"Blast, 11 km WSW of Trend Mine, BC/Dynamitage, 11 km OSO de la mine Trend, BC"
20260421.2222001,2026-04-21T22:22:36.000Z,45.6286,-79.9206,2.0,MwN,0.76,"13 km N of McKellar, ON/13 km N de McKellar, ON"
20260422.0740001,2026-04-22T07:40:23.000Z,49.1057,-91.653,2.0,MwN,0.91,"39 km N of Atikokan, ON/39 km N de Atikokan, ON"
20260422.1233001,2026-04-22T12:33:03.000Z,47.5898,-69.9673,12.07,MwN,0.5,"15 km ESE of La Malbaie, QC/15 km ESE de La Malbaie, QC"
20260422.1433002,2026-04-22T14:33:50.000Z,48.3005,-123.5431,33.66,ML,2.69,"19 km SW of Victoria, BC/19 km SO de Victoria, BC"
20260423.0517001,2026-04-23T05:17:57.000Z,52.745,-132.3209,14.57,ML,2.24,"59 km SSW of Daajing Giids, BC/59 km SSO de Daajing Giids, BC"
20260423.0939001,2026-04-23T09:39:21.000Z,59.194,-137.2381,5.0,ML,2.18,"206 km SW of Whitehorse, YT/206 km SO de Whitehorse, YT"
20260423.1835001,2026-04-23T18:35:07.000Z,50.3265,-126.8429,13.95,ML,0.73,"31 km SSE of Hyde Creek, BC/31 km SSE de Hyde Creek, BC"
20260424.0114001,2026-04-24T01:14:49.000Z,45.3986,-66.2042,5.0,MwN,1.06,"17 km W of Quispamsis - Rothesay, NB/17 km O de Quispamsis - Rothesay, NB"
20260424.0124001,2026-04-24T01:24:45.000Z,60.5313,-139.759,5.0,ML,2.14,"125 km W of Haines Junction, YT/125 km O de Haines Junction, YT"
20260424.0141001,2026-04-24T01:41:21.000Z,46.9008,-71.3073,5.84,MwN,1.27,"12 km NW of Québec, QC/12 km NO de Québec, QC"
20260424.0340001,2026-04-24T03:40:04.000Z,60.4945,-139.9906,5.0,ML,2.08,"138 km W of Haines Junction, YT/138 km O de Haines Junction, YT"
20260424.0556001,2026-04-24T05:56:24.000Z,49.2779,-126.8783,29.38,ML,2.63,"45 km WSW of Refuge Cove 6, BC/45 km OSO de Refuge Cove 6, BC"
20260424.0939001,2026-04-24T09:39:50.000Z,60.5655,-139.921,5.0,ML,2.22,"133 km W of Haines Junction, YT/133 km O de Haines Junction, YT"
20260424.0954001,2026-04-24T09:54:54.000Z,53.0681,-132.764,17.28,ML,2.61,"50 km WSW of Daajing Giids, BC/50 km OSO de Daajing Giids, BC"
20260424.1453001,2026-04-24T14:53:06.000Z,58.0472,-137.5884,10.0,ML,2.65,"188 km W of Juneau, AK/188 km O de Juneau, AK"
20260424.2032001,2026-04-24T20:32:34.000Z,48.2295,-122.6437,26.21,ML,1.52,"58 km ESE of Victoria, BC/58 km ESE de Victoria, BC"
20260425.0225001,2026-04-25T02:25:25.000Z,54.3297,-118.4603,3.19,MLy,2.76,"Suspected industry-related event, 65 km NE of Grande Cache, AB/Événement lié à l'industrie soupconné, 65 km NE de Grande Cache, AB"
20260425.0552001,2026-04-25T05:52:56.000Z,55.512,-135.3029,5.0,ML,2.86,"172 km S of Sitka, AK/172 km S de Sitka, AK"
20260425.1256001,2026-04-25T12:56:21.000Z,60.5618,-139.9428,1.0,ML,2.79,"134 km W of Haines Junction, YT/134 km O de Haines Junction, YT"
20260425.1551001,2026-04-25T15:51:09.000Z,50.9563,-130.7135,10.0,Mw',3.55,"227 km W of Port Hardy, BC/227 km O de Port Hardy, BC"
20260425.1554001,2026-04-25T15:54:58.000Z,50.9142,-130.6907,10.0,Mw',3.13,"225 km W of Port Hardy, BC/225 km O de Port Hardy, BC"
20260425.1627001,2026-04-25T16:27:57.000Z,47.8008,-70.0294,7.83,MwN,0.71,"11 km WSW of Saint-Siméon, QC/11 km OSO de Saint-Siméon, QC"
20260425.2307001,2026-04-25T23:07:48.000Z,47.3096,-66.2693,5.0,MwN,2.35,"29 km S of Caribou Mine, NB/29 km S de la mine Caribou, NB"
20260426.0159001,2026-04-26T01:59:46.000Z,43.7446,-75.4199,5.0,MwN,2.37,"47 km ESE of Watertown, NY/47 km ESE de Watertown, NY"
20260426.1204001,2026-04-26T12:04:01.000Z,47.3722,-70.3185,15.05,MwN,0.71,"6 km ESE of L'Isle-aux-Coudres, QC/6 km ESE de L'Isle-aux-Coudres, QC"
20260426.1220001,2026-04-26T12:20:17.000Z,65.1843,-138.7483,5.67,ML,2.33,"129 km NNE of Dawson, YT/129 km NNE de Dawson, YT"
20260426.1432002,2026-04-26T14:32:04.000Z,42.0306,-83.042,5.0,MwN,2.89,"10 km S of Amherstburg, ON, felt/10 km S de Amherstburg, ON, ressenti"
20260426.1807001,2026-04-26T18:07:22.000Z,54.906,-121.1284,0.0,ML,3.14,"Blast, 15 km SW of Trend Mine, BC/Dynamitage, 15 km SO de la mine Trend, BC"
20260426.1959001,2026-04-26T19:59:41.000Z,57.1208,-121.9107,1.76,MLy,2.97,"Suspected industry-related event, 56 km WNW of Prespatou, BC/Événement lié à l'industrie soupconné, 56 km ONO de Prespatou, BC"
20260426.2309001,2026-04-26T23:09:22.000Z,60.4129,-139.5455,1.0,ML,3.66,"117 km WSW of Haines Junction, YT/117 km OSO de Haines Junction, YT"
20260426.2312002,2026-04-26T23:12:53.000Z,71.2369,-133.7208,35.0,ML,4.31,"200 km N of Tuktoyaktuk, NT/200 km N de Tuktoyaktuk, NT"
20260427.0130001,2026-04-27T01:30:33.000Z,60.4559,-139.6276,5.0,ML,2.09,"120 km WSW of Haines Junction, YT/120 km OSO de Haines Junction, YT"
20260427.0257001,2026-04-27T02:57:17.000Z,57.7684,-137.9768,5.0,ML,3.66,"218 km WSW of Juneau, AK/218 km OSO de Juneau, AK"
20260427.0308001,2026-04-27T03:08:50.000Z,60.4256,-139.5885,5.0,ML,2.13,"119 km WSW of Haines Junction, YT/119 km OSO de Haines Junction, YT"
20260427.0422001,2026-04-27T04:22:38.000Z,48.5592,-122.6341,16.37,ML,2.97,"25 km SSW of Bellingham, WA/25 km SSO de Bellingham, WA"
20260427.0705001,2026-04-27T07:05:07.000Z,60.7274,-139.9395,5.0,ML,2.74,"87 km SW of Burwash Landing, YT/87 km SO de Burwash Landing, YT"
20260427.1440001,2026-04-27T14:40:04.000Z,54.5653,-118.5882,1.0,MLy,2.31,"Suspected industry-related event, 69 km SSE of Grande Prairie, AB/Événement lié à l'industrie soupconné, 69 km SSE de Grande Prairie, AB"
20260427.1514001,2026-04-27T15:14:31.000Z,61.335,-140.9183,5.0,ML,2.4,"103 km W of Burwash Landing, YT/103 km O de Burwash Landing, YT"
20260427.1538001,2026-04-27T15:38:46.000Z,59.6879,-136.1722,5.0,ML,1.59,"127 km SSW of Whitehorse, YT/127 km SSO de Whitehorse, YT"
20260427.1600001,2026-04-27T16:00:39.000Z,60.5625,-139.7262,5.0,ML,2.9,"123 km W of Haines Junction, YT/123 km O de Haines Junction, YT"
20260427.1740001,2026-04-27T17:40:06.000Z,50.2077,-127.8108,15.23,ML,1.75,"33 km SW of Port Alice, BC/33 km SO de Port Alice, BC"
20260427.1805001,2026-04-27T18:05:10.000Z,60.5399,-139.8893,5.0,ML,2.12,"132 km W of Haines Junction, YT/132 km O de Haines Junction, YT"
20260427.1850001,2026-04-27T18:50:37.000Z,48.5498,-122.6378,18.01,ML,1.81,"26 km SSW of Bellingham, WA/26 km SSO de Bellingham, WA"
20260427.2154001,2026-04-27T21:54:12.000Z,54.5868,-118.5681,1.0,MLy,2.01,"Suspected industry-related event, 67 km SSE of Grande Prairie, AB/Événement lié à l'industrie soupconné, 67 km SSE de Grande Prairie, AB"
20260428.0206001,2026-04-28T02:06:25.000Z,54.9041,-121.0928,0.0,ML,2.56,"Blast, 14 km SW of Trend Mine, BC/Dynamitage, 14 km SO de la mine Trend, BC"
20260428.0228001,2026-04-28T02:28:11.000Z,53.2104,-132.832,14.75,ML,1.87,"50 km W of Daajing Giids, BC/50 km O de Daajing Giids, BC"
20260428.0412001,2026-04-28T04:12:05.000Z,60.4063,-139.511,1.0,ML,2.47,"116 km WSW of Haines Junction, YT/116 km OSO de Haines Junction, YT"
20260428.0515001,2026-04-28T05:15:17.000Z,54.6064,-118.5591,3.17,MLy,2.15,"Suspected industry-related event, 65 km SSE of Grande Prairie, AB/Événement lié à l'industrie soupconné, 65 km SSE de Grande Prairie, AB"
20260428.0759001,2026-04-28T07:59:18.000Z,61.1169,-140.0763,1.0,ML,2.53,"64 km WSW of Burwash Landing, YT/64 km OSO de Burwash Landing, YT"
20260428.1245001,2026-04-28T12:45:50.000Z,52.8415,-132.5278,21.94,ML,2.44,"55 km SSW of Daajing Giids, BC/55 km SSO de Daajing Giids, BC"
20260428.1326002,2026-04-28T13:26:09.000Z,61.4406,-140.379,1.0,ML,4.15,"75 km W of Burwash Landing, YT/75 km O de Burwash Landing, YT"
20260428.1428002,2026-04-28T14:28:42.000Z,49.3113,-127.7433,30.0,ML,2.25,"84 km SSW of Houpsitas 6, BC/84 km SSO de Houpsitas 6, BC"
20260428.1522001,2026-04-28T15:22:22.000Z,60.3141,-139.3819,5.0,ML,2.36,"113 km WSW of Haines Junction, YT/113 km OSO de Haines Junction, YT"
20260428.1628001,2026-04-28T16:28:47.000Z,59.1493,-138.6944,3.17,ML,2.67,"190 km SSW of Haines Junction, YT/190 km SSO de Haines Junction, YT"
20260428.2122001,2026-04-28T21:22:36.000Z,53.3873,-117.3311,0.0,MLy,3.16,"Blast, 16 km E of Hinton, AB/Dynamitage, 16 km E de Hinton, AB"
